Date,cumulative_sentiment
2015-01-05,0.01
2015-01-06,0.01
2015-01-07,0.0
2015-01-08,0.0
2015-01-09,0.0
2015-01-12,0.0
2015-01-13,0.0
2015-01-14,0.12
2015-01-15,0.3
2015-01-16,0.26
2015-01-20,0.07
2015-01-21,0.45
2015-01-22,0.36
2015-01-23,0.3
2015-01-26,0.12
2015-01-27,0.11
2015-01-28,0.05
2015-01-29,0.24
2015-01-30,0.21
2015-02-02,0.51
2015-02-03,0.42
2015-02-04,0.33
2015-02-05,0.24
2015-02-06,0.74
2015-02-09,0.88
2015-02-10,1.02
2015-02-11,0.82
2015-02-12,0.7
2015-02-13,0.59
2015-02-17,0.02
2015-02-18,0.42
2015-02-19,0.38
2015-02-20,0.54
2015-02-23,0.85
2015-02-24,0.72
2015-02-25,0.8
2015-02-26,0.64
2015-02-27,0.49
2015-03-02,0.22
2015-03-03,0.2
2015-03-04,0.22
2015-03-05,0.14
2015-03-06,0.34
2015-03-09,0.27
2015-03-10,0.27
2015-03-11,0.22
2015-03-12,0.14
2015-03-13,0.07
2015-03-16,0.0
2015-03-17,0.04
2015-03-18,0.03
2015-03-19,0.02
2015-03-20,0.02
2015-03-23,0.02
2015-03-24,0.01
2015-03-25,0.16
2015-03-26,0.13
2015-03-27,0.11
2015-03-30,0.04
2015-03-31,0.05
2015-04-01,0.06
2015-04-02,0.47
2015-04-06,0.52
2015-04-07,0.44
2015-04-08,0.38
2015-04-09,0.36
2015-04-10,0.26
2015-04-13,0.03
2015-04-14,0.01
2015-04-15,0.21
2015-04-16,0.19
2015-04-17,0.18
2015-04-20,0.12
2015-04-21,0.08
2015-04-22,0.05
2015-04-23,0.04
2015-04-24,0.04
2015-04-27,0.53
2015-04-28,0.49
2015-04-29,0.39
2015-04-30,0.28
2015-05-01,0.42
2015-05-04,0.19
2015-05-05,0.16
2015-05-06,0.09
2015-05-07,0.03
2015-05-08,0.0
2015-05-11,0.0
2015-05-12,0.01
2015-05-13,0.01
2015-05-14,0.0
2015-05-15,0.0
2015-05-18,0.84
2015-05-19,0.73
2015-05-20,0.61
2015-05-21,0.49
2015-05-22,0.37
2015-05-26,0.17
2015-05-27,0.18
2015-05-28,0.27
2015-05-29,0.23
2015-06-01,0.11
2015-06-02,0.08
2015-06-03,0.06
2015-06-04,0.19
2015-06-05,0.14
2015-06-08,0.14
2015-06-09,0.1
2015-06-10,0.08
2015-06-11,0.05
2015-06-12,0.02
2015-06-15,0.0
2015-06-16,0.06
2015-06-17,0.07
2015-06-18,0.48
2015-06-19,0.41
2015-06-22,0.39
2015-06-23,0.29
2015-06-24,0.62
2015-06-25,0.47
2015-06-26,0.39
2015-06-29,0.18
2015-06-30,0.3
2015-07-01,0.19
2015-07-02,0.14
2015-07-06,0.0
2015-07-07,0.2
2015-07-08,0.17
2015-07-09,0.34
2015-07-10,0.27
2015-07-13,0.22
2015-07-14,0.1
2015-07-15,0.61
2015-07-16,0.0
2015-07-17,0.0
2015-07-20,0.06
2015-07-21,0.03
2015-07-22,0.07
2015-07-23,0.12
2015-07-24,0.09
2015-07-27,-0.0
2015-07-28,0.0
2015-07-29,0.0
2015-07-30,0.02
2015-07-31,0.02
2015-08-03,0.0
2015-08-04,0.01
2015-08-05,0.01
2015-08-06,0.2
2015-08-07,0.15
2015-08-10,0.0
2015-08-11,0.0
2015-08-12,0.02
2015-08-13,0.0
2015-08-14,0.15
2015-08-17,0.08
2015-08-18,0.05
2015-08-19,0.57
2015-08-20,0.29
2015-08-21,0.0
2015-08-24,0.2
2015-08-25,0.39
2015-08-26,0.39
2015-08-27,0.3
2015-08-28,0.2
2015-08-31,0.06
2015-09-01,0.04
2015-09-02,0.02
2015-09-03,0.0
2015-09-04,0.03
2015-09-08,0.34
2015-09-09,0.35
2015-09-10,0.28
2015-09-11,0.19
2015-09-14,0.25
2015-09-15,0.2
2015-09-16,0.18
2015-09-17,0.18
2015-09-18,0.19
2015-09-21,0.31
2015-09-22,0.29
2015-09-23,0.27
2015-09-24,0.18
2015-09-25,0.1
2015-09-28,0.76
2015-09-29,0.67
2015-09-30,0.59
2015-10-01,0.5
2015-10-02,0.43
2015-10-05,0.4
2015-10-06,0.34
2015-10-07,0.56
2015-10-08,0.45
2015-10-09,0.34
2015-10-12,0.34
2015-10-13,0.76
2015-10-14,0.54
2015-10-15,0.31
2015-10-16,0.09
2015-10-19,0.0
2015-10-20,0.1
2015-10-21,0.18
2015-10-22,0.14
2015-10-23,0.1
2015-10-26,0.36
2015-10-27,0.25
2015-10-28,0.51
2015-10-29,0.56
2015-10-30,0.47
2015-11-02,0.25
2015-11-03,0.17
2015-11-04,0.12
2015-11-05,0.08
2015-11-06,0.04
2015-11-09,0.02
2015-11-10,0.17
2015-11-11,0.14
2015-11-12,0.12
2015-11-13,0.09
2015-11-16,0.0
2015-11-17,0.42
2015-11-18,0.36
2015-11-19,0.3
2015-11-20,0.24
2015-11-23,0.06
2015-11-24,0.0
2015-11-25,0.0
2015-11-27,0.0
2015-11-30,0.0
2015-12-01,0.0
2015-12-02,0.02
2015-12-03,0.01
2015-12-04,0.21
2015-12-07,0.11
2015-12-08,0.11
2015-12-09,0.15
2015-12-10,0.6
2015-12-11,0.62
2015-12-14,0.81
2015-12-15,0.65
2015-12-16,0.49
2015-12-17,0.33
2015-12-18,0.44
2015-12-21,0.11
2015-12-22,0.11
2015-12-23,0.07
2015-12-24,0.04
2015-12-28,0.0
2015-12-29,0.15
2015-12-30,0.13
2015-12-31,0.1
2016-01-04,0.0
2016-01-05,0.0
2016-01-06,0.0
2016-01-07,0.0
2016-01-08,0.0
2016-01-11,0.0
2016-01-12,0.0
2016-01-13,0.0
2016-01-14,0.0
2016-01-15,0.0
2016-01-19,0.01
2016-01-20,0.02
2016-01-21,0.02
2016-01-22,0.3
2016-01-25,0.37
2016-01-26,0.42
2016-01-27,0.36
2016-01-28,0.3
2016-01-29,0.44
2016-02-01,0.34
2016-02-02,0.48
2016-02-03,0.47
2016-02-04,0.37
2016-02-05,0.27
2016-02-08,0.06
2016-02-09,0.03
2016-02-10,0.01
2016-02-11,0.01
2016-02-12,0.06
2016-02-16,0.27
2016-02-17,0.33
2016-02-18,0.29
2016-02-19,0.2
2016-02-22,0.38
2016-02-23,0.3
2016-02-24,0.24
2016-02-25,0.26
2016-02-26,0.24
2016-02-29,0.33
2016-03-01,0.28
2016-03-02,0.2
2016-03-03,0.16
2016-03-04,0.11
2016-03-07,0.52
2016-03-08,0.44
2016-03-09,0.37
2016-03-10,0.59
2016-03-11,0.58
2016-03-14,0.22
2016-03-15,0.22
2016-03-16,0.17
2016-03-17,0.24
2016-03-18,0.29
2016-03-21,0.18
2016-03-22,0.33
2016-03-23,0.28
2016-03-24,0.36
2016-03-28,0.41
2016-03-29,0.33
2016-03-30,0.25
2016-03-31,0.2
2016-04-01,0.15
2016-04-04,0.0
2016-04-05,0.0
2016-04-06,0.01
2016-04-07,0.21
2016-04-08,0.35
2016-04-11,0.17
2016-04-12,0.14
2016-04-13,0.07
2016-04-14,0.07
2016-04-15,0.04
2016-04-18,0.17
2016-04-19,0.21
2016-04-20,0.16
2016-04-21,0.27
2016-04-22,0.58
2016-04-25,0.53
2016-04-26,0.95
2016-04-27,0.76
2016-04-28,0.86
2016-04-29,0.73
2016-05-02,0.43
2016-05-03,0.36
2016-05-04,0.28
2016-05-05,0.17
2016-05-06,0.08
2016-05-09,0.05
2016-05-10,0.03
2016-05-11,0.02
2016-05-12,0.0
2016-05-13,-0.0
2016-05-16,0.0
2016-05-17,0.0
2016-05-18,0.08
2016-05-19,0.18
2016-05-20,0.15
2016-05-23,0.06
2016-05-24,0.03
2016-05-25,0.0
2016-05-26,0.0
2016-05-27,0.56
2016-05-31,0.4
2016-06-01,0.52
2016-06-02,0.46
2016-06-03,0.43
2016-06-06,0.24
2016-06-07,0.18
2016-06-08,0.13
2016-06-09,0.16
2016-06-10,0.11
2016-06-13,0.15
2016-06-14,0.14
2016-06-15,0.12
2016-06-16,0.24
2016-06-17,0.27
2016-06-20,0.43
2016-06-21,0.36
2016-06-22,0.3
2016-06-23,0.39
2016-06-24,0.32
2016-06-27,0.32
2016-06-28,0.26
2016-06-29,0.21
2016-06-30,0.28
2016-07-01,0.56
2016-07-05,0.45
2016-07-06,0.35
2016-07-07,0.27
2016-07-08,0.16
2016-07-11,0.56
2016-07-12,0.0
2016-07-13,0.0
2016-07-14,0.0
2016-07-15,0.01
2016-07-18,0.09
2016-07-19,0.07
2016-07-20,0.05
2016-07-21,0.02
2016-07-22,0.0
2016-07-25,0.0
2016-07-26,0.08
2016-07-27,0.06
2016-07-28,0.01
2016-07-29,0.01
2016-08-01,0.56
2016-08-02,0.48
2016-08-03,0.96
2016-08-04,0.8
2016-08-05,0.67
2016-08-08,0.38
2016-08-09,0.25
2016-08-10,0.12
2016-08-11,0.08
2016-08-12,0.04
2016-08-15,0.0
2016-08-16,0.06
2016-08-17,0.03
2016-08-18,0.0
2016-08-19,0.08
2016-08-22,0.0
2016-08-23,0.42
2016-08-24,0.58
2016-08-25,0.85
2016-08-26,0.38
2016-08-29,0.59
2016-08-30,0.88
2016-08-31,0.93
2016-09-01,0.76
2016-09-02,0.95
2016-09-06,0.32
2016-09-07,0.22
2016-09-08,0.18
2016-09-09,0.14
2016-09-12,0.05
2016-09-13,0.02
2016-09-14,0.01
2016-09-15,0.01
2016-09-16,0.01
2016-09-19,0.02
2016-09-20,0.08
2016-09-21,0.08
2016-09-22,0.12
2016-09-23,0.09
2016-09-26,0.17
2016-09-27,0.13
2016-09-28,0.09
2016-09-29,0.02
2016-09-30,0.01
2016-10-03,0.2
2016-10-04,0.17
2016-10-05,0.14
2016-10-06,0.67
2016-10-07,0.93
2016-10-10,0.45
2016-10-11,0.39
2016-10-12,0.32
2016-10-13,0.26
2016-10-14,0.19
2016-10-17,0.02
2016-10-18,0.02
2016-10-19,0.01
2016-10-20,0.0
2016-10-21,0.0
2016-10-24,0.0
2016-10-25,0.0
2016-10-26,0.22
2016-10-27,0.2
2016-10-28,0.16
2016-10-31,0.04
2016-11-01,0.2
2016-11-02,0.16
2016-11-03,0.14
2016-11-04,0.09
2016-11-07,0.71
2016-11-08,0.57
2016-11-09,0.99
2016-11-10,0.8
2016-11-11,0.62
2016-11-14,0.4
2016-11-15,0.81
2016-11-16,0.61
2016-11-17,0.4
2016-11-18,0.2
2016-11-21,0.21
2016-11-22,0.15
2016-11-23,0.08
2016-11-25,0.06
2016-11-28,0.0
2016-11-29,0.0
2016-11-30,0.02
2016-12-01,0.01
2016-12-02,0.02
2016-12-05,0.0
2016-12-06,0.2
2016-12-07,0.17
2016-12-08,0.14
2016-12-09,0.11
2016-12-12,0.03
2016-12-13,0.07
2016-12-14,0.21
2016-12-15,0.14
2016-12-16,0.08
2016-12-19,0.0
2016-12-20,0.01
2016-12-21,0.01
2016-12-22,0.03
2016-12-23,0.22
2016-12-27,0.07
2016-12-28,0.09
2016-12-29,0.14
2016-12-30,0.11
2017-01-03,0.14
2017-01-04,0.18
2017-01-05,0.19
2017-01-06,0.15
2017-01-09,0.26
2017-01-10,0.2
2017-01-11,0.16
2017-01-12,0.12
2017-01-13,0.09
2017-01-17,0.0
2017-01-18,0.21
2017-01-19,0.19
2017-01-20,0.17
2017-01-23,0.55
2017-01-24,0.46
2017-01-25,0.39
2017-01-26,0.3
2017-01-27,0.21
2017-01-30,0.0
2017-01-31,0.0
2017-02-01,0.01
2017-02-02,0.0
2017-02-03,0.0
2017-02-06,0.06
2017-02-07,0.05
2017-02-08,0.04
2017-02-09,0.03
2017-02-10,0.03
2017-02-13,0.0
2017-02-14,0.04
2017-02-15,0.04
2017-02-16,0.03
2017-02-17,0.03
2017-02-21,0.15
2017-02-22,0.11
2017-02-23,0.06
2017-02-24,0.06
2017-02-27,0.48
2017-02-28,0.32
2017-03-01,0.16
2017-03-02,0.05
2017-03-03,0.05
2017-03-06,0.04
2017-03-07,0.03
2017-03-08,0.01
2017-03-09,0.06
2017-03-10,0.05
2017-03-13,0.03
2017-03-14,0.02
2017-03-15,0.01
2017-03-16,0.0
2017-03-17,0.0
2017-03-20,0.0
2017-03-21,0.0
2017-03-22,0.02
2017-03-23,0.01
2017-03-24,0.57
2017-03-27,0.35
2017-03-28,0.3
2017-03-29,0.22
2017-03-30,0.15
2017-03-31,0.07
2017-04-03,0.0
2017-04-04,0.0
2017-04-05,0.0
2017-04-06,0.0
2017-04-07,0.0
2017-04-10,0.0
2017-04-11,0.08
2017-04-12,0.05
2017-04-13,0.02
2017-04-17,0.2
2017-04-18,0.17
2017-04-19,0.34
2017-04-20,0.29
2017-04-21,0.23
2017-04-24,0.27
2017-04-25,0.2
2017-04-26,0.13
2017-04-27,0.09
2017-04-28,0.08
2017-05-01,0.32
2017-05-02,0.27
2017-05-03,0.37
2017-05-04,0.58
2017-05-05,1.05
2017-05-08,0.53
2017-05-09,0.34
2017-05-10,0.54
2017-05-11,0.33
2017-05-12,0.33
2017-05-15,0.18
2017-05-16,0.15
2017-05-17,0.08
2017-05-18,0.03
2017-05-19,0.0
2017-05-22,0.02
2017-05-23,0.07
2017-05-24,0.06
2017-05-25,0.04
2017-05-26,0.03
2017-05-30,0.15
2017-05-31,0.13
2017-06-01,0.11
2017-06-02,0.09
2017-06-05,0.22
2017-06-06,0.2
2017-06-07,0.21
2017-06-08,0.16
2017-06-09,0.66
2017-06-12,0.91
2017-06-13,0.68
2017-06-14,0.45
2017-06-15,0.23
2017-06-16,0.37
2017-06-19,0.11
2017-06-20,0.13
2017-06-21,0.09
2017-06-22,0.05
2017-06-23,0.02
2017-06-26,0.0
2017-06-27,0.24
2017-06-28,0.21
2017-06-29,0.37
2017-06-30,0.3
2017-07-03,0.07
2017-07-05,0.34
2017-07-06,0.29
2017-07-07,0.26
2017-07-10,0.08
2017-07-11,0.04
2017-07-12,0.0
2017-07-13,0.0
2017-07-14,0.0
2017-07-17,0.0
2017-07-18,0.14
2017-07-19,0.17
2017-07-20,0.16
2017-07-21,0.13
2017-07-24,0.21
2017-07-25,0.18
2017-07-26,0.36
2017-07-27,0.31
2017-07-28,0.26
2017-07-31,0.9
2017-08-01,0.97
2017-08-02,0.82
2017-08-03,0.89
2017-08-04,0.75
2017-08-07,0.35
2017-08-08,0.21
2017-08-09,0.59
2017-08-10,0.47
2017-08-11,0.39
2017-08-14,0.04
2017-08-15,0.03
2017-08-16,0.03
2017-08-17,0.0
2017-08-18,0.0
2017-08-21,0.03
2017-08-22,0.22
2017-08-23,0.22
2017-08-24,0.38
2017-08-25,0.4
2017-08-28,0.22
2017-08-29,0.15
2017-08-30,0.1
2017-08-31,0.03
2017-09-01,0.01
2017-09-05,0.6
2017-09-06,0.66
2017-09-07,0.31
2017-09-08,0.23
2017-09-11,0.03
2017-09-12,0.15
2017-09-13,0.12
2017-09-14,0.09
2017-09-15,0.07
2017-09-18,0.0
2017-09-19,0.02
2017-09-20,0.16
2017-09-21,0.11
2017-09-22,0.09
2017-09-25,0.02
2017-09-26,0.02
2017-09-27,0.01
2017-09-28,0.21
2017-09-29,0.19
2017-10-02,0.14
2017-10-03,0.15
2017-10-04,0.21
2017-10-05,0.21
2017-10-06,0.19
2017-10-09,0.09
2017-10-10,0.1
2017-10-11,0.27
2017-10-12,0.42
2017-10-13,0.55
2017-10-16,0.3
2017-10-17,0.24
2017-10-18,0.36
2017-10-19,0.25
2017-10-20,0.16
2017-10-23,0.0
2017-10-24,0.0
2017-10-25,0.03
2017-10-26,0.03
2017-10-27,0.02
2017-10-30,0.03
2017-10-31,0.02
2017-11-01,0.04
2017-11-02,0.02
2017-11-03,0.02
2017-11-06,0.3
2017-11-07,0.28
2017-11-08,0.26
2017-11-09,0.25
2017-11-10,0.4
2017-11-13,0.53
2017-11-14,0.44
2017-11-15,0.38
2017-11-16,0.28
2017-11-17,0.23
2017-11-20,0.04
2017-11-21,0.56
2017-11-22,0.48
2017-11-24,0.32
2017-11-27,0.08
2017-11-28,0.15
2017-11-29,0.15
2017-11-30,0.11
2017-12-01,0.09
2017-12-04,0.02
2017-12-05,0.0
2017-12-06,0.2
2017-12-07,0.17
2017-12-08,0.56
2017-12-11,0.3
2017-12-12,0.27
2017-12-13,0.18
2017-12-14,0.1
2017-12-15,0.09
2017-12-18,0.02
2017-12-19,0.0
2017-12-20,0.0
2017-12-21,0.04
2017-12-22,0.02
2017-12-26,0.08
2017-12-27,0.07
2017-12-28,0.06
2017-12-29,0.2
2018-01-02,0.08
2018-01-03,0.06
2018-01-04,0.18
2018-01-05,0.13
2018-01-08,0.41
2018-01-09,0.47
2018-01-10,0.8
2018-01-11,0.66
2018-01-12,0.75
2018-01-16,0.25
2018-01-17,0.22
2018-01-18,0.14
2018-01-19,0.08
2018-01-22,0.02
2018-01-23,0.02
2018-01-24,0.01
2018-01-25,0.03
2018-01-26,0.08
2018-01-29,0.01
2018-01-30,0.01
2018-01-31,0.02
2018-02-01,0.02
2018-02-02,0.57
2018-02-05,0.32
2018-02-06,0.32
2018-02-07,0.2
2018-02-08,0.08
2018-02-09,0.0
2018-02-12,0.0
2018-02-13,0.0
2018-02-14,0.0
2018-02-15,0.2
2018-02-16,0.16
2018-02-20,0.0
2018-02-21,0.0
2018-02-22,0.0
2018-02-23,0.0
2018-02-26,0.0
2018-02-27,0.0
2018-02-28,0.0
2018-03-01,0.0
2018-03-02,0.0
2018-03-05,0.0
2018-03-06,0.02
2018-03-07,0.01
2018-03-08,0.01
2018-03-09,0.0
2018-03-12,0.0
2018-03-13,0.0
2018-03-14,0.0
2018-03-15,0.02
2018-03-16,0.17
2018-03-19,0.24
2018-03-20,0.2
2018-03-21,0.15
2018-03-22,0.11
2018-03-23,0.06
2018-03-26,0.38
2018-03-27,0.49
2018-03-28,0.39
2018-03-29,0.29
2018-04-02,0.12
2018-04-03,0.63
2018-04-04,0.53
2018-04-05,0.43
2018-04-06,0.35
2018-04-09,0.08
2018-04-10,0.0
2018-04-11,0.2
2018-04-12,0.17
2018-04-13,0.29
2018-04-16,0.14
2018-04-17,0.09
2018-04-18,0.6
2018-04-19,0.54
2018-04-20,0.48
2018-04-23,0.51
2018-04-24,0.45
2018-04-25,0.39
2018-04-26,0.33
2018-04-27,0.26
2018-04-30,0.08
2018-05-01,0.04
2018-05-02,0.05
2018-05-03,0.1
2018-05-04,0.09
2018-05-07,0.15
2018-05-08,0.12
2018-05-09,0.09
2018-05-10,0.11
2018-05-11,0.09
2018-05-14,0.02
2018-05-15,0.01
2018-05-16,0.0
2018-05-17,0.0
2018-05-18,0.0
2018-05-21,0.72
2018-05-22,0.71
2018-05-23,0.79
2018-05-24,0.66
2018-05-25,0.53
2018-05-29,0.11
2018-05-30,0.1
2018-05-31,0.29
2018-06-01,0.66
2018-06-04,0.42
2018-06-05,0.43
2018-06-06,0.86
2018-06-07,0.67
2018-06-08,0.5
2018-06-11,0.19
2018-06-12,0.09
2018-06-13,0.02
2018-06-14,0.02
2018-06-15,0.44
2018-06-18,0.25
2018-06-19,0.28
2018-06-20,0.2
2018-06-21,0.18
2018-06-22,0.09
2018-06-25,0.0
2018-06-26,0.0
2018-06-27,0.49
2018-06-28,0.41
2018-06-29,0.33
2018-07-02,0.08
2018-07-03,0.02
2018-07-05,0.01
2018-07-06,0.01
2018-07-09,0.0
2018-07-10,0.06
2018-07-11,0.05
2018-07-12,0.04
2018-07-13,0.08
2018-07-16,0.03
2018-07-17,0.03
2018-07-18,0.02
2018-07-19,0.16
2018-07-20,0.14
2018-07-23,0.09
2018-07-24,0.08
2018-07-25,0.06
2018-07-26,0.05
2018-07-27,0.03
2018-07-30,0.02
2018-07-31,0.58
2018-08-01,0.63
2018-08-02,1.13
2018-08-03,1.16
2018-08-06,0.73
2018-08-07,0.74
2018-08-08,0.61
2018-08-09,0.43
2018-08-10,0.24
2018-08-13,0.13
2018-08-14,0.49
2018-08-15,0.43
2018-08-16,0.37
2018-08-17,0.31
2018-08-20,0.17
2018-08-21,0.19
2018-08-22,0.14
2018-08-23,0.18
2018-08-24,0.12
2018-08-27,0.07
2018-08-28,0.05
2018-08-29,0.04
2018-08-30,0.03
2018-08-31,0.02
2018-09-04,0.0
2018-09-05,0.2
2018-09-06,0.6
2018-09-07,0.54
2018-09-10,0.95
2018-09-11,0.73
2018-09-12,0.54
2018-09-13,0.29
2018-09-14,0.21
2018-09-17,0.01
2018-09-18,0.15
2018-09-19,0.3
2018-09-20,0.21
2018-09-21,0.12
2018-09-24,0.62
2018-09-25,1.1
2018-09-26,1.16
2018-09-27,0.99
2018-09-28,0.81
2018-10-01,0.43
2018-10-02,0.35
2018-10-03,0.42
2018-10-04,0.31
2018-10-05,0.76
2018-10-08,0.41
2018-10-09,0.28
2018-10-10,0.18
2018-10-11,0.08
2018-10-12,0.15
2018-10-15,0.09
2018-10-16,0.06
2018-10-17,0.04
2018-10-18,0.02
2018-10-19,0.0
2018-10-22,0.0
2018-10-23,0.06
2018-10-24,0.04
2018-10-25,0.58
2018-10-26,0.51
2018-10-29,0.14
2018-10-30,0.43
2018-10-31,0.36
2018-11-01,0.86
2018-11-02,0.92
2018-11-05,0.41
2018-11-06,0.25
2018-11-07,0.14
2018-11-08,0.03
2018-11-09,0.0
2018-11-12,0.05
2018-11-13,0.04
2018-11-14,0.03
2018-11-15,0.22
2018-11-16,0.19
2018-11-19,0.51
2018-11-20,0.91
2018-11-21,0.77
2018-11-23,0.94
2018-11-26,0.63
2018-11-27,0.96
2018-11-28,0.77
2018-11-29,0.55
2018-11-30,0.76
2018-12-03,0.44
2018-12-04,0.38
2018-12-06,0.27
2018-12-07,0.21
2018-12-10,0.32
2018-12-11,0.23
2018-12-12,0.32
2018-12-13,0.52
2018-12-14,0.4
2018-12-17,0.39
2018-12-18,0.38
2018-12-19,0.29
2018-12-20,0.68
2018-12-21,0.77
2018-12-24,0.35
2018-12-26,0.13
2018-12-27,0.03
2018-12-28,0.0
2018-12-31,0.3
2019-01-02,0.86
2019-01-03,0.79
2019-01-04,0.74
2019-01-07,0.38
2019-01-08,0.35
2019-01-09,0.48
2019-01-10,0.38
2019-01-11,0.37
2019-01-14,0.07
2019-01-15,0.06
2019-01-16,0.04
2019-01-17,0.01
2019-01-18,0.01
2019-01-22,0.15
2019-01-23,0.15
2019-01-24,0.12
2019-01-25,0.09
2019-01-28,0.17
2019-01-29,0.47
2019-01-30,0.45
2019-01-31,0.36
2019-02-01,0.26
2019-02-04,0.12
2019-02-05,0.09
2019-02-06,0.1
2019-02-07,0.09
2019-02-08,0.16
2019-02-11,0.07
2019-02-12,0.04
2019-02-13,0.57
2019-02-14,0.48
2019-02-15,0.82
2019-02-19,0.28
2019-02-20,0.13
2019-02-21,0.07
2019-02-22,0.0
2019-02-25,0.0
2019-02-26,0.0
2019-02-27,0.0
2019-02-28,0.0
2019-03-01,0.0
2019-03-04,0.0
2019-03-05,0.0
2019-03-06,0.02
2019-03-07,0.02
2019-03-08,0.43
2019-03-11,0.33
2019-03-12,0.3
2019-03-13,0.46
2019-03-14,0.41
2019-03-15,0.42
2019-03-18,0.28
2019-03-19,0.22
2019-03-20,0.36
2019-03-21,0.27
2019-03-22,0.2
2019-03-25,0.07
2019-03-26,0.09
2019-03-27,0.04
2019-03-28,0.03
2019-03-29,0.07
2019-04-01,0.44
2019-04-02,0.43
2019-04-03,0.64
2019-04-04,0.43
2019-04-05,0.23
2019-04-08,0.29
2019-04-09,0.24
2019-04-10,0.22
2019-04-11,0.16
2019-04-12,0.12
2019-04-15,0.11
2019-04-16,0.37
2019-04-17,0.74
2019-04-18,0.64
2019-04-22,0.35
2019-04-23,0.48
2019-04-24,0.13
2019-04-25,0.64
2019-04-26,0.53
2019-04-29,0.36
2019-04-30,0.5
2019-05-01,0.42
2019-05-02,0.63
2019-05-03,0.28
2019-05-06,0.09
2019-05-07,0.08
2019-05-08,0.05
2019-05-09,0.03
2019-05-10,0.0
2019-05-13,0.42
2019-05-14,0.38
2019-05-15,0.34
2019-05-16,0.35
2019-05-17,0.35
2019-05-20,0.15
2019-05-21,0.12
2019-05-22,0.21
2019-05-23,0.14
2019-05-24,0.12
2019-05-28,0.02
2019-05-29,0.0
2019-05-30,0.02
2019-05-31,0.44
2019-06-03,0.75
2019-06-04,0.67
2019-06-05,0.61
2019-06-06,0.52
2019-06-07,0.49
2019-06-10,0.35
2019-06-11,0.4
2019-06-12,0.31
2019-06-13,0.37
2019-06-14,0.3
2019-06-17,0.28
2019-06-18,0.66
2019-06-19,1.11
2019-06-20,0.75
2019-06-21,0.4
2019-06-24,0.14
2019-06-25,0.06
2019-06-26,0.04
2019-06-27,0.04
2019-06-28,0.23
2019-07-01,0.15
2019-07-02,0.13
2019-07-03,0.1
2019-07-05,0.06
2019-07-08,0.0
2019-07-09,0.0
2019-07-10,0.0
2019-07-11,0.0
2019-07-12,0.02
2019-07-15,0.08
2019-07-16,0.49
2019-07-17,0.62
2019-07-18,0.54
2019-07-19,0.47
2019-07-22,0.24
2019-07-23,0.5
2019-07-24,0.44
2019-07-25,0.58
2019-07-26,0.93
2019-07-29,0.63
2019-07-30,0.63
2019-07-31,0.54
2019-08-01,0.46
2019-08-02,0.8
2019-08-05,0.69
2019-08-06,0.44
2019-08-07,0.19
2019-08-08,0.03
2019-08-09,0.1
2019-08-12,0.53
2019-08-13,0.35
2019-08-14,0.18
2019-08-15,0.0
2019-08-16,0.0
2019-08-19,0.0
2019-08-20,0.02
2019-08-21,0.02
2019-08-22,0.01
2019-08-23,0.01
2019-08-26,0.42
2019-08-27,0.39
2019-08-28,0.37
2019-08-29,0.34
2019-08-30,0.3
2019-09-03,0.18
2019-09-04,0.15
2019-09-05,0.12
2019-09-06,0.38
2019-09-09,0.37
2019-09-10,0.43
2019-09-11,0.34
2019-09-12,0.25
2019-09-13,0.33
2019-09-16,0.19
2019-09-17,0.18
2019-09-18,0.14
2019-09-19,0.09
2019-09-20,0.12
2019-09-23,0.05
2019-09-24,0.34
2019-09-25,0.31
2019-09-26,0.24
2019-09-27,0.38
2019-09-30,0.17
2019-10-01,0.1
2019-10-02,0.22
2019-10-03,0.18
2019-10-04,0.13
2019-10-07,0.04
2019-10-08,0.37
2019-10-09,0.61
2019-10-10,0.87
2019-10-11,0.73
2019-10-14,0.32
2019-10-15,0.33
2019-10-16,0.21
2019-10-17,0.07
2019-10-18,0.16
2019-10-21,0.29
2019-10-22,0.8
2019-10-23,0.68
2019-10-24,0.58
2019-10-25,0.45
2019-10-28,0.16
2019-10-29,0.08
2019-10-30,0.04
2019-10-31,0.09
2019-11-01,0.06
2019-11-04,0.0
2019-11-05,0.0
2019-11-06,0.08
2019-11-07,0.27
2019-11-08,0.23
2019-11-11,0.1
2019-11-12,0.06
2019-11-13,0.03
2019-11-14,0.56
2019-11-15,0.53
2019-11-18,0.96
2019-11-19,0.86
2019-11-20,0.77
2019-11-21,0.67
2019-11-22,0.58
2019-11-25,0.85
2019-11-26,0.7
2019-11-27,0.54
2019-11-29,0.9
2019-12-02,0.56
2019-12-03,0.45
2019-12-04,0.34
2019-12-05,0.22
2019-12-06,0.32
2019-12-09,0.19
2019-12-10,0.15
2019-12-11,0.6
2019-12-12,0.41
2019-12-13,0.22
2019-12-16,0.56
2019-12-17,0.5
2019-12-18,0.45
2019-12-19,0.39
2019-12-20,0.34
2019-12-23,0.45
2019-12-24,0.4
2019-12-26,0.2
2019-12-27,0.17
2019-12-30,0.1
2019-12-31,0.07
2020-01-02,0.07
2020-01-03,0.08
2020-01-06,0.05
2020-01-07,0.03
2020-01-08,0.01
2020-01-09,0.01
2020-01-10,0.0
2020-01-13,0.43
2020-01-14,0.44
2020-01-15,0.36
2020-01-16,0.28
2020-01-17,0.22
2020-01-21,0.03
2020-01-22,0.04
2020-01-23,0.02
2020-01-24,0.01
2020-01-27,0.0
2020-01-28,0.56
2020-01-29,0.7
2020-01-30,0.58
2020-01-31,0.47
2020-02-03,0.68
2020-02-04,0.72
2020-02-05,0.65
2020-02-06,0.58
2020-02-07,1.12
2020-02-10,1.22
2020-02-11,1.57
2020-02-12,1.34
2020-02-13,1.12
2020-02-14,0.9
2020-02-18,0.72
2020-02-19,0.65
2020-02-20,0.52
2020-02-21,1.0
2020-02-24,0.53
2020-02-25,0.38
2020-02-26,0.23
2020-02-27,0.14
2020-02-28,0.02
2020-03-02,0.03
2020-03-03,0.02
2020-03-04,0.01
2020-03-05,0.01
2020-03-06,0.0
2020-03-09,0.0
2020-03-10,0.0
2020-03-11,0.0
2020-03-12,0.0
2020-03-13,0.0
2020-03-16,0.76
2020-03-17,0.69
2020-03-18,0.62
2020-03-19,0.55
2020-03-20,0.49
2020-03-23,0.6
2020-03-24,0.52
2020-03-25,0.44
2020-03-26,0.36
2020-03-27,0.28
2020-03-30,0.04
2020-03-31,0.02
2020-04-01,0.01
2020-04-02,0.0
2020-04-03,0.0
2020-04-06,0.56
2020-04-07,0.28
2020-04-08,0.0
2020-04-09,0.0
2020-04-13,0.42
2020-04-14,0.51
2020-04-15,0.46
2020-04-16,0.37
2020-04-17,0.28
2020-04-20,0.02
2020-04-21,0.01
2020-04-22,0.01
2020-04-23,0.0
2020-04-24,0.0
2020-04-27,0.0
2020-04-28,0.2
2020-04-29,0.11
2020-04-30,0.21
2020-05-01,0.21
2020-05-04,0.08
2020-05-05,0.03
2020-05-06,0.17
2020-05-07,0.19
2020-05-08,0.11
2020-05-11,0.0
2020-05-12,0.0
2020-05-13,0.0
2020-05-14,0.0
2020-05-15,0.0
2020-05-18,0.01
2020-05-19,0.01
2020-05-20,0.01
2020-05-21,0.02
2020-05-22,0.02
2020-05-26,0.01
2020-05-27,0.0
2020-05-28,0.0
2020-05-29,0.0
2020-06-01,0.0
2020-06-02,0.0
2020-06-03,0.0
2020-06-04,0.0
2020-06-05,0.0
2020-06-08,0.0
2020-06-09,0.0
2020-06-10,0.08
2020-06-11,0.05
2020-06-12,0.5
2020-06-15,0.12
2020-06-16,0.17
2020-06-17,0.21
2020-06-18,0.22
2020-06-19,0.22
2020-06-22,0.23
2020-06-23,0.34
2020-06-24,0.29
2020-06-25,0.25
2020-06-26,0.2
2020-06-29,0.08
2020-06-30,0.05
2020-07-01,0.18
2020-07-02,0.71
2020-07-06,0.44
2020-07-07,0.38
2020-07-08,0.32
2020-07-09,0.28
2020-07-10,0.24
2020-07-13,0.12
2020-07-14,0.08
2020-07-15,0.32
2020-07-16,0.41
2020-07-17,0.37
2020-07-20,0.6
2020-07-21,0.86
2020-07-22,0.76
2020-07-23,0.64
2020-07-24,0.54
2020-07-27,0.25
2020-07-28,0.4
2020-07-29,0.4
2020-07-30,0.56
2020-07-31,0.46
2020-08-03,0.27
2020-08-04,0.23
2020-08-05,0.16
2020-08-06,0.11
2020-08-07,0.37
2020-08-10,0.63
2020-08-11,0.5
2020-08-12,0.36
2020-08-13,0.85
2020-08-14,0.75
2020-08-17,0.24
2020-08-18,0.3
2020-08-19,0.41
2020-08-20,0.28
2020-08-21,0.23
2020-08-24,0.1
2020-08-25,0.2
2020-08-26,0.17
2020-08-27,0.12
2020-08-28,0.1
2020-08-31,0.04
2020-09-01,0.04
2020-09-02,0.03
2020-09-03,0.58
2020-09-04,0.86
2020-09-08,0.16
2020-09-09,0.1
2020-09-10,0.0
2020-09-11,0.09
2020-09-14,0.05
2020-09-15,0.04
2020-09-16,0.1
2020-09-17,0.26
2020-09-18,0.18
2020-09-21,0.0
2020-09-22,0.0
2020-09-23,0.0
2020-09-24,0.03
2020-09-25,0.05
2020-09-28,0.13
2020-09-29,0.11
2020-09-30,0.09
2020-10-01,0.07
2020-10-02,0.05
2020-10-05,0.0
2020-10-06,0.36
2020-10-07,0.75
2020-10-08,0.71
2020-10-09,0.84
2020-10-12,0.59
2020-10-13,0.56
2020-10-14,0.45
2020-10-15,0.34
2020-10-16,0.25
2020-10-19,0.07
2020-10-20,0.05
2020-10-21,0.2
2020-10-22,0.17
2020-10-23,0.17
2020-10-26,0.6
2020-10-27,0.55
2020-10-28,0.5
2020-10-29,0.45
2020-10-30,0.42
2020-11-02,0.29
2020-11-03,0.24
2020-11-04,0.2
2020-11-05,0.16
2020-11-06,0.12
2020-11-09,0.48
2020-11-10,0.57
2020-11-11,0.5
2020-11-12,0.44
2020-11-13,0.37
2020-11-16,0.16
2020-11-17,0.1
2020-11-18,0.25
2020-11-19,0.2
2020-11-20,0.17
2020-11-23,0.06
2020-11-24,0.03
2020-11-25,0.0
2020-11-27,0.0
2020-11-30,0.2
2020-12-01,0.48
2020-12-02,0.43
2020-12-03,0.38
2020-12-04,0.33
2020-12-07,0.19
2020-12-08,0.14
2020-12-09,0.44
2020-12-10,0.21
2020-12-11,0.02
2020-12-14,0.1
2020-12-15,0.36
2020-12-16,0.46
2020-12-17,0.68
2020-12-18,0.69
2020-12-21,0.33
2020-12-22,0.22
2020-12-23,0.27
2020-12-24,0.16
2020-12-28,0.04
2020-12-29,0.02
2020-12-30,0.0
2020-12-31,0.0
2021-01-04,0.0
2021-01-05,0.0
2021-01-06,0.06
2021-01-07,0.05
2021-01-08,0.04
2021-01-11,0.62
2021-01-12,0.53
2021-01-13,0.44
2021-01-14,0.35
2021-01-15,0.27
2021-01-19,0.0
2021-01-20,0.0
2021-01-21,0.0
2021-01-22,0.0
2021-01-25,0.0
2021-01-26,0.0
2021-01-27,0.28
2021-01-28,0.59
2021-01-29,0.45
2021-02-01,0.13
2021-02-02,0.1
2021-02-03,0.06
2021-02-04,0.05
2021-02-05,0.01
2021-02-08,0.0
2021-02-09,0.0
2021-02-10,0.0
2021-02-11,0.0
2021-02-12,0.0
2021-02-16,0.09
2021-02-17,0.08
2021-02-18,0.08
2021-02-19,0.06
2021-02-22,0.01
2021-02-23,0.0
2021-02-24,0.0
2021-02-25,0.0
2021-02-26,0.0
2021-03-01,0.0
2021-03-02,0.0
2021-03-03,0.02
2021-03-04,0.21
2021-03-05,0.18
2021-03-08,0.09
2021-03-09,0.06
2021-03-10,0.03
2021-03-11,0.0
2021-03-12,0.0
2021-03-15,0.0
2021-03-16,0.02
2021-03-17,0.02
2021-03-18,0.09
2021-03-19,0.08
2021-03-22,0.04
2021-03-23,0.04
2021-03-24,0.03
2021-03-25,0.01
2021-03-26,0.01
2021-03-29,0.0
2021-03-30,0.0
2021-03-31,0.06
2021-04-01,0.05
2021-04-05,0.02
2021-04-06,0.01
2021-04-07,0.0
2021-04-08,0.0
2021-04-09,0.0
2021-04-12,0.0
2021-04-13,0.0
2021-04-14,0.0
2021-04-15,0.0
2021-04-16,0.0
2021-04-19,0.02
2021-04-20,0.02
2021-04-21,0.02
2021-04-22,0.21
2021-04-23,0.18
2021-04-26,0.13
2021-04-27,0.09
2021-04-28,0.47
2021-04-29,0.95
2021-04-30,0.64
2021-05-03,0.27
2021-05-04,0.21
2021-05-05,0.15
2021-05-06,0.09
2021-05-07,0.03
2021-05-10,0.0
2021-05-11,0.0
2021-05-12,0.0
2021-05-13,0.01
2021-05-14,0.07
2021-05-17,0.31
2021-05-18,0.29
2021-05-19,0.24
2021-05-20,0.21
2021-05-21,0.17
2021-05-24,0.06
2021-05-25,0.05
2021-05-26,0.5
2021-05-27,0.39
2021-05-28,0.21
2021-06-01,0.0
2021-06-02,0.0
2021-06-03,0.0
2021-06-04,0.0
2021-06-07,0.0
2021-06-08,0.15
2021-06-09,0.13
2021-06-10,0.52
2021-06-11,0.54
2021-06-14,0.46
2021-06-15,0.54
2021-06-16,0.93
2021-06-17,0.78
2021-06-18,0.52
2021-06-21,0.06
2021-06-22,0.23
2021-06-23,0.28
2021-06-24,0.27
2021-06-25,0.23
2021-06-28,0.12
2021-06-29,0.11
2021-06-30,0.07
2021-07-01,0.13
2021-07-02,0.09
2021-07-06,0.57
2021-07-07,0.52
2021-07-08,0.47
2021-07-09,0.42
2021-07-12,0.26
2021-07-13,0.21
2021-07-14,0.18
2021-07-15,0.15
2021-07-16,0.12
2021-07-19,0.03
2021-07-20,0.03
2021-07-21,0.02
2021-07-22,0.17
2021-07-23,0.7
2021-07-26,0.38
2021-07-27,0.84
2021-07-28,0.68
2021-07-29,0.49
2021-07-30,0.53
2021-08-02,0.08
2021-08-03,0.0
2021-08-04,0.0
2021-08-05,0.02
2021-08-06,0.02
2021-08-09,0.01
2021-08-10,0.01
2021-08-11,0.16
2021-08-12,0.13
2021-08-13,0.11
2021-08-16,0.04
2021-08-17,0.02
2021-08-18,0.15
2021-08-19,0.25
2021-08-20,0.22
2021-08-23,0.11
2021-08-24,0.08
2021-08-25,0.06
2021-08-26,0.02
2021-08-27,0.11
2021-08-30,0.03
2021-08-31,0.21
2021-09-01,0.18
2021-09-02,0.17
2021-09-03,0.22
2021-09-07,0.1
2021-09-08,0.06
2021-09-09,0.03
2021-09-10,0.03
2021-09-13,0.23
2021-09-14,0.24
2021-09-15,0.18
2021-09-16,0.13
2021-09-17,0.3
2021-09-20,0.14
2021-09-21,0.1
2021-09-22,0.09
2021-09-23,0.07
2021-09-24,0.03
2021-09-27,0.07
2021-09-28,0.06
2021-09-29,0.4
2021-09-30,0.31
2021-10-01,0.24
2021-10-04,0.0
2021-10-05,0.0
2021-10-06,0.0
2021-10-07,0.0
2021-10-08,0.06
2021-10-11,0.03
2021-10-12,0.23
2021-10-13,0.18
2021-10-14,0.13
2021-10-15,0.36
2021-10-18,0.21
2021-10-19,0.15
2021-10-20,0.12
2021-10-21,0.61
2021-10-22,1.05
2021-10-25,0.47
2021-10-26,0.28
2021-10-27,0.08
2021-10-28,0.0
2021-10-29,0.0
2021-11-01,0.0
2021-11-02,0.48
2021-11-03,0.38
2021-11-04,0.29
2021-11-05,0.19
2021-11-08,0.0
2021-11-09,0.0
2021-11-10,0.04
2021-11-11,0.04
2021-11-12,0.38
2021-11-15,0.02
2021-11-16,0.02
2021-11-17,0.03
2021-11-18,0.02
2021-11-19,0.01
2021-11-22,0.0
2021-11-23,0.42
2021-11-24,0.38
2021-11-26,0.25
2021-11-29,0.06
2021-11-30,0.0
2021-12-01,0.0
2021-12-02,0.0
2021-12-03,0.0
2021-12-06,0.0
2021-12-07,0.0
2021-12-08,0.01
2021-12-09,0.43
2021-12-10,0.4
2021-12-13,0.3
2021-12-14,0.27
2021-12-15,0.25
2021-12-16,0.22
2021-12-17,0.19
2021-12-20,0.09
2021-12-21,0.06
2021-12-22,0.03
2021-12-23,0.0
2021-12-27,0.2
2021-12-28,0.16
2021-12-29,0.12
2021-12-30,0.13
2021-12-31,0.08
2022-01-03,1.02
2022-01-04,1.36
2022-01-05,1.24
2022-01-06,1.1
2022-01-07,0.97
2022-01-10,1.13
2022-01-11,0.71
2022-01-12,0.36
2022-01-13,0.29
2022-01-14,0.21
2022-01-18,0.15
2022-01-19,0.14
2022-01-20,0.33
2022-01-21,0.29
2022-01-24,0.17
2022-01-25,0.37
2022-01-26,0.31
2022-01-27,0.73
2022-01-28,0.57
2022-01-31,0.35
2022-02-01,0.28
2022-02-02,0.7
2022-02-03,0.79
2022-02-04,0.83
2022-02-07,0.32
2022-02-08,0.19
2022-02-09,0.06
2022-02-10,0.05
2022-02-11,0.74
2022-02-14,0.02
2022-02-15,0.01
2022-02-16,0.11
2022-02-17,0.08
2022-02-18,0.06
2022-02-22,0.02
2022-02-23,0.02
2022-02-24,0.01
2022-02-25,0.16
2022-02-28,0.42
2022-03-01,0.79
2022-03-02,0.68
2022-03-03,0.56
2022-03-04,0.45
2022-03-07,0.13
2022-03-08,0.16
2022-03-09,0.28
2022-03-10,0.24
2022-03-11,0.75
2022-03-14,0.57
2022-03-15,0.46
2022-03-16,0.35
2022-03-17,0.26
2022-03-18,0.59
2022-03-21,0.24
2022-03-22,0.18
2022-03-23,0.18
2022-03-24,0.14
2022-03-25,0.07
2022-03-28,0.1
2022-03-29,0.14
2022-03-30,0.11
2022-03-31,0.23
2022-04-01,0.15
2022-04-04,0.0
2022-04-05,0.0
2022-04-06,0.02
2022-04-07,0.01
2022-04-08,0.57
2022-04-11,0.39
2022-04-12,0.34
2022-04-13,0.28
2022-04-14,0.22
2022-04-18,0.0
2022-04-19,0.0
2022-04-20,0.02
2022-04-21,0.02
2022-04-22,0.39
2022-04-25,0.16
2022-04-26,0.64
2022-04-27,0.51
2022-04-28,0.45
2022-04-29,0.31
2022-05-02,0.46
2022-05-03,0.39
2022-05-04,0.34
2022-05-05,0.31
2022-05-06,0.27
2022-05-09,0.13
2022-05-10,0.1
2022-05-11,0.06
2022-05-12,0.49
2022-05-13,0.42
2022-05-16,0.24
2022-05-17,0.2
2022-05-18,0.14
2022-05-19,0.07
2022-05-20,0.07
2022-05-23,0.2
2022-05-24,0.19
2022-05-25,0.77
2022-05-26,0.69
2022-05-27,0.61
2022-05-31,0.44
2022-06-01,0.33
2022-06-02,0.23
2022-06-03,0.13
2022-06-06,0.42
2022-06-07,0.35
2022-06-08,0.29
2022-06-09,0.23
2022-06-10,0.17
2022-06-13,0.0
2022-06-14,0.0
2022-06-15,0.01
2022-06-16,0.01
2022-06-17,0.0
2022-06-21,0.09
2022-06-22,0.1
2022-06-23,0.09
2022-06-24,0.07
2022-06-27,0.04
2022-06-28,0.03
2022-06-29,0.02
2022-06-30,0.01
2022-07-01,0.56
2022-07-05,0.24
2022-07-06,0.16
2022-07-07,0.08
2022-07-08,0.0
2022-07-11,0.0
2022-07-12,0.02
2022-07-13,0.02
2022-07-14,0.01
2022-07-15,0.01
2022-07-18,0.0
2022-07-19,0.0
2022-07-20,0.03
2022-07-21,0.03
2022-07-22,0.02
2022-07-25,0.27
2022-07-26,0.22
2022-07-27,0.2
2022-07-28,0.16
2022-07-29,0.31
2022-08-01,0.64
2022-08-02,0.54
2022-08-03,0.45
2022-08-04,0.39
2022-08-05,0.54
2022-08-08,0.28
2022-08-09,0.2
2022-08-10,0.13
2022-08-11,0.03
2022-08-12,0.0
2022-08-15,0.0
2022-08-16,0.0
2022-08-17,0.0
2022-08-18,0.0
2022-08-19,0.15
2022-08-22,0.02
2022-08-23,0.01
2022-08-24,0.01
2022-08-25,0.0
2022-08-26,0.0
2022-08-29,0.0
2022-08-30,0.0
2022-08-31,0.0
2022-09-01,0.0
2022-09-02,0.0
2022-09-06,-0.02
2022-09-07,0.06
2022-09-08,0.13
2022-09-09,0.11
2022-09-12,0.04
2022-09-13,0.02
2022-09-14,0.01
2022-09-15,0.0
2022-09-16,0.0
2022-09-19,0.0
2022-09-20,0.15
2022-09-21,0.13
2022-09-22,0.11
2022-09-23,0.29
2022-09-26,0.2
2022-09-27,0.13
2022-09-28,0.08
2022-09-29,0.03
2022-09-30,0.36
2022-10-03,0.23
2022-10-04,0.37
2022-10-05,0.28
2022-10-06,0.19
2022-10-07,0.11
2022-10-10,0.03
2022-10-11,0.02
2022-10-12,0.03
2022-10-13,0.02
2022-10-14,0.0
2022-10-17,0.15
2022-10-18,0.33
2022-10-19,0.28
2022-10-20,0.33
2022-10-21,0.23
2022-10-24,0.03
2022-10-25,0.02
2022-10-26,0.26
2022-10-27,0.41
2022-10-28,0.53
2022-10-31,0.28
2022-11-01,0.19
2022-11-02,0.43
2022-11-03,0.36
2022-11-04,0.32
2022-11-07,0.33
2022-11-08,0.27
2022-11-09,0.21
2022-11-10,0.16
2022-11-11,0.1
2022-11-14,0.03
2022-11-15,0.01
2022-11-16,0.0
2022-11-17,0.0
2022-11-18,0.06
2022-11-21,0.33
2022-11-22,0.28
2022-11-23,0.51
2022-11-25,0.91
2022-11-28,0.77
2022-11-29,0.72
2022-11-30,0.67
2022-12-01,0.74
2022-12-02,0.57
2022-12-05,0.24
2022-12-06,0.24
2022-12-07,0.35
2022-12-08,0.26
2022-12-09,0.18
2022-12-12,0.08
2022-12-13,0.04
2022-12-14,0.57
2022-12-15,0.52
2022-12-16,0.48
2022-12-19,0.36
2022-12-20,0.32
2022-12-21,0.7
2022-12-22,0.6
2022-12-23,0.5
2022-12-27,0.1
2022-12-28,0.0
2022-12-29,0.0
2022-12-30,0.0
2023-01-03,0.0
2023-01-04,0.0
2023-01-05,0.0
2023-01-06,0.0
2023-01-09,0.0
2023-01-10,0.0
2023-01-11,0.0
2023-01-12,0.06
2023-01-13,0.6
2023-01-17,0.36
2023-01-18,0.3
2023-01-19,0.24
2023-01-20,0.18
2023-01-23,0.0
2023-01-24,0.2
2023-01-25,0.17
2023-01-26,0.14
2023-01-27,0.11
2023-01-30,0.74
2023-01-31,1.18
2023-02-01,1.03
2023-02-02,1.03
2023-02-03,1.02
2023-02-06,0.55
2023-02-07,0.43
2023-02-08,0.31
2023-02-09,0.22
2023-02-10,0.12
2023-02-13,0.0
2023-02-14,0.0
2023-02-15,0.0
2023-02-16,0.0
2023-02-17,0.0
2023-02-21,0.0
2023-02-22,0.0
2023-02-23,0.0
2023-02-24,0.0
2023-02-27,0.0
2023-02-28,0.0
2023-03-01,0.0
2023-03-02,0.0
2023-03-03,0.0
2023-03-06,0.06
2023-03-07,0.04
2023-03-08,0.17
2023-03-09,0.1
2023-03-10,0.61
2023-03-13,0.44
2023-03-14,0.4
2023-03-15,0.92
2023-03-16,0.6
2023-03-17,0.28
2023-03-20,0.16
2023-03-21,0.12
2023-03-22,0.08
2023-03-23,0.06
2023-03-24,0.0
2023-03-27,0.06
2023-03-28,0.05
2023-03-29,0.04
2023-03-30,0.03
2023-03-31,0.59
2023-04-03,0.59
2023-04-04,0.52
2023-04-05,0.45
2023-04-06,0.38
2023-04-10,0.16
2023-04-11,0.12
2023-04-12,0.23
2023-04-13,0.14
2023-04-14,0.05
2023-04-17,0.0
2023-04-18,0.0
2023-04-19,0.0
2023-04-20,0.0
2023-04-21,0.0
2023-04-24,0.42
2023-04-25,0.36
2023-04-26,0.3
2023-04-27,0.24
2023-04-28,0.18
2023-05-01,0.0
2023-05-02,0.0
2023-05-03,0.0
2023-05-04,0.36
2023-05-05,0.5
2023-05-08,0.15
2023-05-09,0.25
2023-05-10,0.13
2023-05-11,0.0
2023-05-12,0.0
2023-05-15,0.0
2023-05-16,0.0
2023-05-17,0.0
2023-05-18,0.15
2023-05-19,0.13
2023-05-22,0.15
2023-05-23,0.11
2023-05-24,0.08
2023-05-25,0.04
2023-05-26,0.03
2023-05-30,0.0
2023-05-31,0.0
2023-06-01,0.0
2023-06-02,0.01
2023-06-05,0.44
2023-06-06,0.44
2023-06-07,0.39
2023-06-08,0.35
2023-06-09,0.51
2023-06-12,0.14
2023-06-13,0.09
2023-06-14,0.05
2023-06-15,0.0
2023-06-16,0.0
2023-06-20,0.09
2023-06-21,0.1
2023-06-22,0.08
2023-06-23,0.08
2023-06-26,0.02
2023-06-27,0.0
2023-06-28,0.0
2023-06-29,0.0
2023-06-30,0.0
2023-07-03,0.0
2023-07-05,0.0
2023-07-06,0.0
2023-07-07,0.0
2023-07-10,0.0
2023-07-11,0.0
2023-07-12,0.0
2023-07-13,0.0
2023-07-14,0.15
2023-07-17,0.09
2023-07-18,0.06
2023-07-19,0.34
2023-07-20,0.29
2023-07-21,0.24
2023-07-24,0.15
2023-07-25,0.12
2023-07-26,0.09
2023-07-27,0.1
2023-07-28,0.06
2023-07-31,0.01
2023-08-01,0.0
2023-08-02,0.0
2023-08-03,0.02
2023-08-04,0.17
2023-08-07,0.69
2023-08-08,0.59
2023-08-09,0.5
2023-08-10,0.56
2023-08-11,0.44
2023-08-14,0.07
2023-08-15,0.03
2023-08-16,0.02
2023-08-17,0.01
2023-08-18,0.36
2023-08-21,0.21
2023-08-22,0.15
2023-08-23,0.1
2023-08-24,0.05
2023-08-25,0.0
2023-08-28,0.0
2023-08-29,0.0
2023-08-30,0.0
2023-08-31,0.0
2023-09-01,0.15
2023-09-05,0.09
2023-09-06,0.08
2023-09-07,0.62
2023-09-08,0.55
2023-09-11,0.34
2023-09-12,0.5
2023-09-13,0.56
2023-09-14,0.68
2023-09-15,0.53
2023-09-18,0.35
2023-09-19,0.28
2023-09-20,0.23
2023-09-21,0.17
2023-09-22,0.15
2023-09-25,0.3
2023-09-26,0.42
2023-09-27,0.34
2023-09-28,0.57
2023-09-29,0.78
2023-10-02,0.1
2023-10-03,0.08
2023-10-04,0.04
2023-10-05,0.03
2023-10-06,0.02
2023-10-09,0.0
2023-10-10,0.0
2023-10-11,0.0
2023-10-12,0.0
2023-10-13,0.0
2023-10-16,0.0
2023-10-17,0.0
2023-10-18,0.0
2023-10-19,0.02
2023-10-20,0.03
2023-10-23,0.21
2023-10-24,0.18
2023-10-25,0.16
2023-10-26,0.33
2023-10-27,0.27
2023-10-30,0.17
2023-10-31,0.13
2023-11-01,0.51
2023-11-02,0.48
2023-11-03,0.4
2023-11-06,0.58
2023-11-07,0.51
2023-11-08,0.4
2023-11-09,0.34
2023-11-10,0.31
2023-11-13,0.15
2023-11-14,0.1
2023-11-15,0.05
2023-11-16,0.0
2023-11-17,0.56
2023-11-20,0.61
2023-11-21,0.54
2023-11-22,0.45
2023-11-24,0.27
2023-11-27,0.42
2023-11-28,0.36
2023-11-29,0.32
2023-11-30,0.25
2023-12-01,0.19
2023-12-04,0.0
2023-12-05,0.0
2023-12-06,0.0
2023-12-07,0.0
2023-12-08,0.0
2023-12-11,0.0
2023-12-12,0.42
2023-12-13,0.39
2023-12-14,0.36
2023-12-15,0.33
2023-12-18,0.66
2023-12-19,0.59
2023-12-20,0.52
2023-12-21,0.44
2023-12-22,0.41
2023-12-26,0.11
2023-12-27,0.06
2023-12-28,0.03
2023-12-29,0.01
2024-01-02,0.0
2024-01-03,0.0
2024-01-04,0.0
2024-01-05,0.56
2024-01-08,0.44
2024-01-09,0.4
2024-01-10,0.36
2024-01-11,0.32
2024-01-12,0.84
2024-01-16,0.58
2024-01-17,0.59
2024-01-18,0.5
2024-01-19,0.41
2024-01-22,0.5
2024-01-23,0.4
2024-01-24,0.31
2024-01-25,0.28
2024-01-26,0.34
2024-01-29,0.14
2024-01-30,0.11
2024-01-31,0.08
2024-02-01,0.07
2024-02-02,0.07
2024-02-05,0.23
2024-02-06,0.34
2024-02-07,0.47
2024-02-08,0.38
2024-02-09,0.31
2024-02-12,0.08
2024-02-13,0.03
2024-02-14,0.0
2024-02-15,0.0
2024-02-16,0.0
2024-02-20,0.0
2024-02-21,0.0
2024-02-22,0.0
2024-02-23,0.0
2024-02-26,0.0
2024-02-27,0.56
2024-02-28,0.57
2024-02-29,0.52
2024-03-01,0.47
2024-03-04,0.72
2024-03-05,0.84
2024-03-06,1.17
2024-03-07,1.33
2024-03-08,1.28
2024-03-11,0.67
2024-03-12,0.47
2024-03-13,0.31
2024-03-14,0.21
2024-03-15,0.71
2024-03-18,0.48
2024-03-19,0.43
2024-03-20,0.38
2024-03-21,0.84
2024-03-22,1.0
2024-03-25,1.59
2024-03-26,1.41
2024-03-27,1.23
2024-03-28,1.02
2024-04-01,0.5
2024-04-02,0.42
2024-04-03,0.37
2024-04-04,0.29
2024-04-05,0.22
2024-04-08,0.0
2024-04-09,0.2
2024-04-10,0.17
2024-04-11,0.16
2024-04-12,0.13
2024-04-15,0.03
2024-04-16,0.0
2024-04-17,0.0
2024-04-18,0.0
2024-04-19,0.56
2024-04-22,0.81
2024-04-23,0.9
2024-04-24,0.75
2024-04-25,0.61
2024-04-26,0.46
2024-04-29,0.03
2024-04-30,0.0
2024-05-01,0.0
2024-05-02,0.42
2024-05-03,0.43
2024-05-06,0.29
2024-05-07,0.25
2024-05-08,0.71
2024-05-09,0.64
2024-05-10,0.67
2024-05-13,0.39
2024-05-14,0.33
2024-05-15,0.27
2024-05-16,0.21
2024-05-17,0.16
2024-05-20,0.04
2024-05-21,0.0
2024-05-22,0.0
2024-05-23,0.02
2024-05-24,0.03
2024-05-28,0.0
2024-05-29,0.0
2024-05-30,0.0
2024-05-31,0.0
2024-06-03,0.0
2024-06-04,0.0
2024-06-05,0.0
2024-06-06,0.15
2024-06-07,0.1
2024-06-10,0.21
2024-06-11,0.19
2024-06-12,0.16
2024-06-13,0.13
2024-06-14,0.16
2024-06-17,0.03
2024-06-18,0.73
2024-06-20,0.62
2024-06-21,0.57
2024-06-24,0.64
2024-06-25,0.57
2024-06-26,0.5
2024-06-27,0.42
2024-06-28,0.35
2024-07-01,0.14
2024-07-02,0.07
2024-07-03,0.05
2024-07-05,0.02
2024-07-08,0.0
2024-07-09,0.0
2024-07-10,0.15
2024-07-11,0.3
2024-07-12,0.23
2024-07-15,0.12
2024-07-16,0.1
2024-07-17,0.08
2024-07-18,0.06
2024-07-19,0.04
2024-07-22,0.0
2024-07-23,0.0
2024-07-24,0.0
2024-07-25,0.0
2024-07-26,0.0
2024-07-29,0.0
2024-07-30,0.0
2024-07-31,0.02
2024-08-01,0.21
2024-08-02,0.2
2024-08-05,0.3
2024-08-06,0.25
2024-08-07,0.39
2024-08-08,0.31
2024-08-09,0.82
2024-08-12,0.44
2024-08-13,0.36
2024-08-14,0.23
2024-08-15,0.12
2024-08-16,0.23
2024-08-19,0.15
2024-08-20,0.12
2024-08-21,0.1
2024-08-22,0.08
2024-08-23,0.06
2024-08-26,0.2
2024-08-27,0.17
2024-08-28,0.14
2024-08-29,0.16
2024-08-30,0.13
2024-09-03,0.03
2024-09-04,0.02
2024-09-05,0.02
2024-09-06,0.02
2024-09-09,0.2
2024-09-10,0.22
2024-09-11,0.19
2024-09-12,0.17
2024-09-13,0.14
2024-09-16,0.06
2024-09-17,0.04
2024-09-18,0.21
2024-09-19,0.22
2024-09-20,0.17
2024-09-23,0.23
2024-09-24,0.19
2024-09-25,0.15
2024-09-26,0.11
2024-09-27,0.09
2024-09-30,0.15
2024-10-01,0.12
2024-10-02,0.09
2024-10-03,0.06
2024-10-04,0.03
2024-10-07,0.0
2024-10-08,0.0
2024-10-09,0.0
2024-10-10,0.0
2024-10-11,0.0
2024-10-14,0.02
2024-10-15,0.01
2024-10-16,0.01
2024-10-17,0.0
2024-10-18,0.1
2024-10-21,0.07
2024-10-22,0.06
2024-10-23,0.25
2024-10-24,0.22
2024-10-25,0.19
2024-10-28,0.09
2024-10-29,0.07
2024-10-30,0.04
2024-10-31,0.17
2024-11-01,0.13
2024-11-04,0.06
2024-11-05,0.04
2024-11-06,0.02
2024-11-07,0.0
2024-11-08,0.0
2024-11-11,0.0
2024-11-12,0.0
2024-11-13,0.0
2024-11-14,0.0
2024-11-15,0.0
2024-11-18,0.0
2024-11-19,0.0
2024-11-20,0.0
2024-11-21,0.0
2024-11-22,0.0
2024-11-25,0.0
2024-11-26,0.02
2024-11-27,0.02
2024-11-29,0.01
2024-12-02,0.0
2024-12-03,0.0
2024-12-04,0.0
2024-12-05,0.0
2024-12-06,0.0
2024-12-09,1.72
2024-12-10,0.67
2024-12-11,0.62
2024-12-12,0.57
2024-12-13,0.52
2024-12-16,0.36
2024-12-17,0.87
2024-12-18,0.54
2024-12-19,0.21
2024-12-20,0.15
2024-12-23,0.0
2024-12-24,0.0
2024-12-26,0.0
2024-12-27,0.0
2024-12-30,0.0
