Date,gemini_predicted_price
2015-01-05,24.3204345703125
2015-01-06,23.635284423828125
2015-01-07,23.637510299682617
2015-01-08,23.96895980834961
2015-01-09,24.8899040222168
2015-01-12,24.916597366333008
2015-01-13,24.30263328552246
2015-01-14,24.15
2015-01-15,24.3
2015-01-16,24.35
2015-01-20,23.8
2015-01-21,23.71
2015-01-22,24.35
2015-01-23,24.45
2015-01-26,25.03
2015-01-27,25.08
2015-01-28,28.9
2015-01-29,24.85
2015-01-30,25.88
2015-02-02,26.5
2015-02-03,26.31
2015-02-04,26.44
2015-02-05,26.65
2015-02-06,26.75
2015-02-09,26.83
2015-02-10,26.95
2015-02-11,26.95
2015-02-12,27.3
2015-02-13,28.01
2015-02-17,28.35
2015-02-18,28.42
2015-02-19,28.5
2015-02-20,28.87
2015-02-23,28.78
2015-02-24,29.25
2015-02-25,29.8
2015-02-26,29.4
2015-02-27,28.95
2015-03-02,29.25
2015-03-03,28.57
2015-03-04,28.75
2015-03-05,29.05
2015-03-06,28.78
2015-03-09,28.3
2015-03-10,27.95
2015-03-11,28.6
2015-03-12,29.7
2015-03-13,27.25
2015-03-16,27.81
2015-03-17,27.74
2015-03-18,28.3
2015-03-19,28.3
2015-03-20,28.71
2015-03-23,28.5
2015-03-24,28.18
2015-03-25,28.48
2015-03-26,28.38
2015-03-27,27.45
2015-03-30,27.8
2015-03-31,27.58
2015-04-01,28.35
2015-04-02,27.87
2015-04-06,27.81
2015-04-07,27.91
2015-04-08,28.35
2015-04-09,28.08
2015-04-10,28.15
2015-04-13,28.3
2015-04-14,28.31
2015-04-15,28.4
2015-04-16,28.18
2015-04-17,28.45
2015-04-20,28.25
2015-04-21,27.94
2015-04-22,28.55
2015-04-23,28.5
2015-04-24,28.8
2015-04-27,29.15
2015-04-28,32.05
2015-04-29,29.7
2015-04-30,29.2
2015-05-01,28.65
2015-05-04,28.05
2015-05-05,28.88
2015-05-06,28.88
2015-05-07,28.14
2015-05-08,28.05
2015-05-11,28.15
2015-05-12,28.7
2015-05-13,28.38
2015-05-14,28.3
2015-05-15,28.3
2015-05-18,28.95
2015-05-19,29.05
2015-05-20,29.28
2015-05-21,29.22
2015-05-22,29.1
2015-05-26,29.4
2015-05-27,29.78
2015-05-28,29.12
2015-05-29,29.68
2015-06-01,29.61
2015-06-02,29.3
2015-06-03,29.3
2015-06-04,29.05
2015-06-05,29.4
2015-06-08,29.05
2015-06-09,28.7
2015-06-10,28.5
2015-06-11,28.43
2015-06-12,28.85
2015-06-15,28.8
2015-06-16,28.6
2015-06-17,28.51
2015-06-18,28.45
2015-06-19,28.51
2015-06-22,28.75
2015-06-23,28.45
2015-06-24,28.55
2015-06-25,28.51
2015-06-26,28.8
2015-06-29,28.66
2015-06-30,28.53
2015-07-01,27.88
2015-07-02,28.09
2015-07-06,28.35
2015-07-07,28.3
2015-07-08,28.31
2015-07-09,28.05
2015-07-10,27.55
2015-07-13,26.98
2015-07-14,27.7
2015-07-15,28.25
2015-07-16,28.25
2015-07-17,28.51
2015-07-20,28.87
2015-07-21,28.95
2015-07-22,28.44
2015-07-23,28.05
2015-07-24,28.25
2015-07-27,28.0
2015-07-28,27.85
2015-07-29,27.5
2015-07-30,27.55
2015-07-31,27.5
2015-08-03,27.39
2015-08-04,27.11
2015-08-05,26.5
2015-08-06,25.65
2015-08-07,26.05
2015-08-10,26.05
2015-08-11,26.15
2015-08-12,27.02
2015-08-13,25.5
2015-08-14,25.85
2015-08-17,25.98
2015-08-18,26.05
2015-08-19,26.25
2015-08-20,26.35
2015-08-21,25.7
2015-08-24,24.2
2015-08-25,24.2
2015-08-26,23.01
2015-08-27,23.5
2015-08-28,24.9
2015-08-31,25.51
2015-09-01,25.15
2015-09-02,25.3
2015-09-03,24.1
2015-09-04,25.28
2015-09-08,24.8
2015-09-09,24.81
2015-09-10,25.55
2015-09-11,24.98
2015-09-14,25.38
2015-09-15,26.37
2015-09-16,26.05
2015-09-17,25.95
2015-09-18,26.35
2015-09-21,25.76
2015-09-22,24.95
2015-09-23,26.15
2015-09-24,25.59
2015-09-25,25.68
2015-09-28,25.8
2015-09-29,26.41
2015-09-30,25.48
2015-10-01,24.62
2015-10-02,24.82
2015-10-05,24.74
2015-10-06,25.05
2015-10-07,25.01
2015-10-08,25.05
2015-10-09,25.03
2015-10-12,24.72
2015-10-13,25.19
2015-10-14,25.1
2015-10-15,25.25
2015-10-16,24.95
2015-10-19,25.23
2015-10-20,24.97
2015-10-21,25.3
2015-10-22,25.71
2015-10-23,25.71
2015-10-26,26.15
2015-10-27,26.85
2015-10-28,24.95
2015-10-29,25.72
2015-10-30,27.05
2015-11-02,27.2
2015-11-03,26.98
2015-11-04,27.25
2015-11-05,27.65
2015-11-06,27.55
2015-11-09,27.45
2015-11-10,27.34
2015-11-11,27.21
2015-11-12,26.57
2015-11-13,26.38
2015-11-16,26.24
2015-11-17,25.48
2015-11-18,25.7
2015-11-19,25.78
2015-11-20,26.58
2015-11-23,26.95
2015-11-24,27.05
2015-11-25,26.58
2015-11-27,26.89
2015-11-30,26.74
2015-12-01,26.68
2015-12-02,26.7
2015-12-03,26.5
2015-12-04,26.35
2015-12-07,26.02
2015-12-08,26.85
2015-12-09,26.79
2015-12-10,26.85
2015-12-11,25.95
2015-12-14,26.19
2015-12-15,25.87
2015-12-16,25.48
2015-12-17,24.95
2015-12-18,25.08
2015-12-21,24.7
2015-12-22,23.91
2015-12-23,24.18
2015-12-24,24.18
2015-12-28,24.5
2015-12-29,24.67
2015-12-30,24.06
2015-12-31,24.7
2016-01-04,24.25
2016-01-05,23.17
2016-01-06,23.36
2016-01-07,23.01
2016-01-08,22.65
2016-01-11,21.7
2016-01-12,21.9
2016-01-13,21.95
2016-01-14,22.45
2016-01-15,21.85
2016-01-19,22.35
2016-01-20,21.85
2016-01-21,21.94
2016-01-22,22.0
2016-01-25,21.88
2016-01-26,22.83
2016-01-27,22.05
2016-01-28,22.78
2016-01-29,21.15
2016-02-01,21.2
2016-02-02,21.85
2016-02-03,21.7
2016-02-04,21.42
2016-02-05,21.65
2016-02-08,21.9
2016-02-09,21.34
2016-02-10,21.5
2016-02-11,21.58
2016-02-12,21.45
2016-02-16,21.35
2016-02-17,21.75
2016-02-18,21.56
2016-02-19,22.15
2016-02-22,21.95
2016-02-23,21.75
2016-02-24,21.89
2016-02-25,21.42
2016-02-26,21.75
2016-02-29,21.98
2016-03-01,22.19
2016-03-02,22.61
2016-03-03,22.7
2016-03-04,23.05
2016-03-07,23.12
2016-03-08,23.15
2016-03-09,23.1
2016-03-10,23.01
2016-03-11,22.85
2016-03-14,23.04
2016-03-15,23.15
2016-03-16,23.11
2016-03-17,23.72
2016-03-18,24.18
2016-03-21,24.09
2016-03-22,24.08
2016-03-23,24.01
2016-03-24,24.15
2016-03-28,24.18
2016-03-29,24.64
2016-03-30,24.21
2016-03-31,24.38
2016-04-01,24.98
2016-04-04,24.81
2016-04-05,25.15
2016-04-06,25.35
2016-04-07,24.93
2016-04-08,25.05
2016-04-11,24.75
2016-04-12,24.8
2016-04-13,24.85
2016-04-14,25.18
2016-04-15,25.45
2016-04-18,25.55
2016-04-19,24.87
2016-04-20,24.38
2016-04-21,24.2
2016-04-22,24.35
2016-04-25,24.08
2016-04-26,23.9
2016-04-27,22.35
2016-04-28,23.55
2016-04-29,21.58
2016-05-02,21.55
2016-05-03,21.17
2016-05-04,21.25
2016-05-05,21.5
2016-05-06,21.33
2016-05-09,21.38
2016-05-10,21.15
2016-05-11,21.18
2016-05-12,21.25
2016-05-13,20.97
2016-05-16,20.7
2016-05-17,21.65
2016-05-18,21.5
2016-05-19,21.32
2016-05-20,21.81
2016-05-23,21.55
2016-05-24,21.85
2016-05-25,22.1
2016-05-26,22.25
2016-05-27,22.75
2016-05-31,23.0
2016-06-01,22.85
2016-06-02,22.75
2016-06-03,22.48
2016-06-06,22.4
2016-06-07,22.45
2016-06-08,22.5
2016-06-09,22.62
2016-06-10,22.55
2016-06-13,22.78
2016-06-14,22.73
2016-06-15,22.2
2016-06-16,22.34
2016-06-17,22.18
2016-06-20,22.45
2016-06-21,21.88
2016-06-22,21.79
2016-06-23,21.98
2016-06-24,21.78
2016-06-27,21.8
2016-06-28,21.21
2016-06-29,21.0
2016-06-30,21.45
2016-07-01,21.58
2016-07-05,21.85
2016-07-06,21.88
2016-07-07,21.67
2016-07-08,21.88
2016-07-11,21.98
2016-07-12,22.19
2016-07-13,22.25
2016-07-14,22.25
2016-07-15,22.25
2016-07-18,22.64
2016-07-19,22.65
2016-07-20,22.88
2016-07-21,22.84
2016-07-22,22.85
2016-07-25,22.78
2016-07-26,22.51
2016-07-27,22.1
2016-07-28,22.25
2016-07-29,23.58
2016-08-01,23.9
2016-08-02,23.95
2016-08-03,24.16
2016-08-04,23.88
2016-08-05,24.28
2016-08-08,24.41
2016-08-09,24.85
2016-08-10,25.05
2016-08-11,25.08
2016-08-12,24.9
2016-08-15,24.9
2016-08-16,24.95
2016-08-17,25.12
2016-08-18,25.25
2016-08-19,25.18
2016-08-22,25.12
2016-08-23,25.14
2016-08-24,25.04553985595703
2016-08-25,25.15
2016-08-26,24.7
2016-08-29,24.8
2016-08-30,24.5
2016-08-31,24.09
2016-09-01,24.19
2016-09-02,24.48
2016-09-06,24.61
2016-09-07,24.98
2016-09-08,25.12
2016-09-09,24.7
2016-09-12,24.25
2016-09-13,23.6
2016-09-14,24.6
2016-09-15,24.95
2016-09-16,25.75
2016-09-19,26.67
2016-09-20,26.4
2016-09-21,26.19
2016-09-22,26.18
2016-09-23,26.28
2016-09-26,26.45
2016-09-27,25.8
2016-09-28,26.05
2016-09-29,26.05
2016-09-30,26.3
2016-10-03,25.89
2016-10-04,26.0
2016-10-05,25.91
2016-10-06,26.05
2016-10-07,26.08
2016-10-10,26.25
2016-10-11,26.18
2016-10-12,26.65
2016-10-13,26.68
2016-10-14,27.05
2016-10-17,26.88
2016-10-18,27.14
2016-10-19,27.0
2016-10-20,26.95
2016-10-21,26.9
2016-10-24,27.05
2016-10-25,26.9
2016-10-26,27.2
2016-10-27,28.5
2016-10-28,26.45
2016-10-31,26.4
2016-11-01,26.1
2016-11-02,26.25
2016-11-03,25.55
2016-11-04,25.75
2016-11-07,25.41
2016-11-08,25.1
2016-11-09,25.6
2016-11-10,25.82
2016-11-11,25.5
2016-11-14,24.98
2016-11-15,25.02
2016-11-16,24.55
2016-11-17,24.8
2016-11-18,25.5
2016-11-21,25.48
2016-11-22,25.53
2016-11-23,25.9
2016-11-25,25.9
2016-11-28,25.78
2016-11-29,25.87
2016-11-30,25.95
2016-12-01,25.83
2016-12-02,25.5
2016-12-05,25.35
2016-12-06,25.4
2016-12-07,25.15
2016-12-08,25.45
2016-12-09,25.75
2016-12-12,25.98
2016-12-13,26.48
2016-12-14,26.18
2016-12-15,26.75
2016-12-16,26.71
2016-12-19,26.85
2016-12-20,26.91
2016-12-21,27.0
2016-12-22,27.07
2016-12-23,27.1
2016-12-27,26.97
2016-12-28,27.03
2016-12-29,27.2
2016-12-30,27.03
2017-01-03,27.05
2017-01-04,26.8
2017-01-05,26.84
2017-01-06,27.02
2017-01-09,27.05
2017-01-10,27.18
2017-01-11,27.58
2017-01-12,27.68
2017-01-13,27.73
2017-01-17,27.65
2017-01-18,27.54
2017-01-19,27.7
2017-01-20,27.76
2017-01-23,27.78
2017-01-24,27.73
2017-01-25,27.83
2017-01-26,27.76
2017-01-27,28.2
2017-01-30,28.25
2017-01-31,28.41
2017-02-01,28.2
2017-02-02,28.0
2017-02-03,29.85
2017-02-06,29.85
2017-02-07,30.18
2017-02-08,30.25
2017-02-09,30.48
2017-02-10,30.58
2017-02-13,30.81
2017-02-14,30.75
2017-02-15,31.05
2017-02-16,31.44
2017-02-17,31.55
2017-02-21,31.46
2017-02-22,31.6
2017-02-23,31.71
2017-02-24,31.89
2017-02-27,31.81
2017-02-28,31.9
2017-03-01,31.95
2017-03-02,31.8
2017-03-03,32.32
2017-03-06,32.31
2017-03-07,32.4
2017-03-08,32.38
2017-03-09,32.48
2017-03-10,32.35
2017-03-13,32.28
2017-03-14,32.35
2017-03-15,32.39
2017-03-16,32.35
2017-03-17,32.7
2017-03-20,32.7
2017-03-21,32.55
2017-03-22,32.88
2017-03-23,32.49
2017-03-24,32.95
2017-03-27,32.8
2017-03-28,32.75
2017-03-29,32.8
2017-03-30,33.43
2017-03-31,33.5
2017-04-03,33.46
2017-04-04,33.45
2017-04-05,33.45
2017-04-06,33.7
2017-04-07,33.5
2017-04-10,33.4
2017-04-11,33.35
2017-04-12,33.15
2017-04-13,32.88
2017-04-17,32.99
2017-04-18,32.9
2017-04-19,32.85
2017-04-20,32.65
2017-04-21,32.75
2017-04-24,33.15
2017-04-25,33.12
2017-04-26,33.46
2017-04-27,33.58
2017-04-28,33.45
2017-05-01,33.47
2017-05-02,33.8
2017-05-03,34.15
2017-05-04,34.1
2017-05-05,34.57
2017-05-08,34.1
2017-05-09,34.75
2017-05-10,35.5
2017-05-11,35.7
2017-05-12,35.65
2017-05-15,35.95
2017-05-16,36.48
2017-05-17,36.38
2017-05-18,36.31
2017-05-19,35.08
2017-05-22,35.62
2017-05-23,35.75
2017-05-24,36.15
2017-05-25,35.92
2017-05-26,35.85
2017-05-30,35.91
2017-05-31,35.88
2017-06-01,35.91
2017-06-02,35.8
2017-06-05,35.91
2017-06-06,36.71
2017-06-07,36.18
2017-06-08,35.84
2017-06-09,36.28
2017-06-12,36.22
2017-06-13,34.41
2017-06-14,33.75
2017-06-15,34.1
2017-06-16,33.79
2017-06-19,33.71
2017-06-20,33.15
2017-06-21,34.2
2017-06-22,33.75
2017-06-23,34.05
2017-06-26,33.92
2017-06-27,34.25
2017-06-28,34.08
2017-06-29,33.6
2017-06-30,33.9
2017-07-03,33.55
2017-07-05,33.65
2017-07-06,33.3
2017-07-07,33.65
2017-07-10,33.62
2017-07-11,33.8
2017-07-12,33.9
2017-07-13,33.88
2017-07-14,34.05
2017-07-17,34.55
2017-07-18,34.79
2017-07-19,34.85
2017-07-20,34.71
2017-07-21,35.3
2017-07-24,35.15
2017-07-25,34.95
2017-07-26,35.55
2017-07-27,35.7
2017-07-28,35.85
2017-07-31,35.2
2017-08-01,34.72
2017-08-02,36.01
2017-08-03,35.05
2017-08-04,36.76
2017-08-07,36.41
2017-08-08,36.55
2017-08-09,37.25
2017-08-10,37.45
2017-08-11,37.36
2017-08-14,36.4
2017-08-15,37.42
2017-08-16,37.48
2017-08-17,37.75
2017-08-18,37.6
2017-08-21,37.05
2017-08-22,36.95
2017-08-23,36.69
2017-08-24,37.52
2017-08-25,37.45
2017-08-28,37.35
2017-08-29,37.51
2017-08-30,37.95
2017-08-31,38.2
2017-09-01,38.4
2017-09-05,38.45
2017-09-06,38.31
2017-09-07,37.85
2017-09-08,38.05
2017-09-11,38.14
2017-09-12,37.6
2017-09-13,37.14
2017-09-14,37.86
2017-09-15,37.2
2017-09-18,37.15
2017-09-19,37.38
2017-09-20,37.1
2017-09-21,37.45
2017-09-22,36.45
2017-09-25,35.88
2017-09-26,35.5
2017-09-27,35.15
2017-09-28,35.78
2017-09-29,36.41
2017-10-02,35.85
2017-10-03,36.2
2017-10-04,36.05
2017-10-05,36.05
2017-10-06,36.01
2017-10-09,36.45
2017-10-10,36.55
2017-10-11,36.52
2017-10-12,36.42
2017-10-13,36.59
2017-10-16,36.6
2017-10-17,36.88
2017-10-18,37.51
2017-10-19,37.62
2017-10-20,37.48
2017-10-23,36.6
2017-10-24,36.82
2017-10-25,36.78
2017-10-26,36.85
2017-10-27,37.5
2017-10-30,37.05
2017-10-31,39.21
2017-11-01,39.15
2017-11-02,39.85
2017-11-03,40.06
2017-11-06,39.5
2017-11-07,40.32
2017-11-08,40.92
2017-11-09,40.85
2017-11-10,41.38
2017-11-13,41.22
2017-11-14,41.18
2017-11-15,41.05
2017-11-16,40.25
2017-11-17,39.75
2017-11-20,40.35
2017-11-21,40.15
2017-11-22,40.68662643432617
2017-11-24,40.75
2017-11-27,41.25
2017-11-28,41.21
2017-11-29,41.03
2017-11-30,40.75
2017-12-01,39.9
2017-12-04,40.35
2017-12-05,40.25
2017-12-06,39.92
2017-12-07,39.78
2017-12-08,39.8
2017-12-11,39.85
2017-12-12,39.95
2017-12-13,40.62
2017-12-14,40.38
2017-12-15,40.55
2017-12-18,40.55
2017-12-19,40.95
2017-12-20,41.5
2017-12-21,40.96
2017-12-22,40.65
2017-12-26,40.8
2017-12-27,41.22
2017-12-28,40.15
2017-12-29,40.05
2018-01-02,40.5
2018-01-03,39.76
2018-01-04,40.46
2018-01-05,40.87
2018-01-08,40.63
2018-01-09,41.0
2018-01-10,40.85
2018-01-11,41.12
2018-01-12,41.04
2018-01-16,41.21
2018-01-17,41.68
2018-01-18,42.8
2018-01-19,42.15
2018-01-22,42.18
2018-01-23,41.99
2018-01-24,41.45
2018-01-25,41.72
2018-01-26,40.96
2018-01-29,40.33
2018-01-30,40.45
2018-01-31,39.55
2018-02-01,39.1
2018-02-02,39.21
2018-02-05,38.75
2018-02-06,37.65
2018-02-07,36.61
2018-02-08,38.5
2018-02-09,37.1
2018-02-12,36.5
2018-02-13,37.15
2018-02-14,38.42
2018-02-15,39.05
2018-02-16,39.58
2018-02-20,41.15
2018-02-21,40.69
2018-02-22,40.45
2018-02-23,40.52
2018-02-26,40.78
2018-02-27,41.5
2018-02-28,42.28
2018-03-01,42.05
2018-03-02,42.1
2018-03-05,41.35
2018-03-06,41.7
2018-03-07,41.75
2018-03-08,41.75
2018-03-09,41.45
2018-03-12,41.8
2018-03-13,42.6
2018-03-14,43.05
2018-03-15,42.35
2018-03-16,41.98
2018-03-19,42.07
2018-03-20,41.65
2018-03-21,41.28
2018-03-22,41.18
2018-03-23,40.05
2018-03-26,39.88
2018-03-27,40.09
2018-03-28,40.95
2018-03-29,39.68
2018-04-02,39.05
2018-04-03,39.7
2018-04-04,39.75
2018-04-05,39.75
2018-04-06,40.35
2018-04-09,40.85
2018-04-10,39.85
2018-04-11,40.2
2018-04-12,40.75
2018-04-13,40.99
2018-04-16,41.15
2018-04-17,41.3
2018-04-18,41.55
2018-04-19,41.85
2018-04-20,41.85
2018-04-23,40.92
2018-04-24,39.0
2018-04-25,39.12
2018-04-26,38.58
2018-04-27,38.65
2018-04-30,38.8
2018-05-01,38.45
2018-05-02,39.1
2018-05-03,40.1
2018-05-04,41.9
2018-05-07,41.88
2018-05-08,43.75
2018-05-09,43.89864349365234
2018-05-10,44.01
2018-05-11,44.3
2018-05-14,44.9
2018-05-15,44.7
2018-05-16,44.67
2018-05-17,44.28
2018-05-18,44.61
2018-05-21,44.35
2018-05-22,44.04
2018-05-23,44.3
2018-05-24,44.45
2018-05-25,44.7
2018-05-29,44.6
2018-05-30,44.76
2018-05-31,44.66
2018-06-01,44.38
2018-06-04,44.35
2018-06-05,45.36
2018-06-06,45.6
2018-06-07,46.21
2018-06-08,45.9
2018-06-11,45.87
2018-06-12,45.55
2018-06-13,45.35
2018-06-14,45.75
2018-06-15,45.19
2018-06-18,45.3
2018-06-19,44.31
2018-06-20,44.78
2018-06-21,43.95
2018-06-22,44.35
2018-06-25,43.88
2018-06-26,43.74
2018-06-27,43.1
2018-06-28,43.79
2018-06-29,43.75
2018-07-02,44.05
2018-07-03,44.0
2018-07-05,44.4
2018-07-06,43.7
2018-07-09,44.02
2018-07-10,44.7
2018-07-11,45.2
2018-07-12,45.01
2018-07-13,44.62
2018-07-16,45.28
2018-07-17,45.41
2018-07-18,45.3
2018-07-19,45.42
2018-07-20,45.15
2018-07-23,45.58
2018-07-24,45.45
2018-07-25,45.65
2018-07-26,45.9
2018-07-27,46.25
2018-07-30,46.15
2018-07-31,45.65
2018-08-01,49.48
2018-08-02,46.2
2018-08-03,48.3
2018-08-06,49.25
2018-08-07,49.38
2018-08-08,49.6
2018-08-09,49.15
2018-08-10,49.12
2018-08-13,49.6
2018-08-14,49.65
2018-08-15,49.3
2018-08-16,50.21
2018-08-17,50.37
2018-08-20,50.85
2018-08-21,51.86
2018-08-22,51.3
2018-08-23,51.21
2018-08-24,51.16
2018-08-27,51.28
2018-08-28,51.8
2018-08-29,51.95
2018-08-30,52.5
2018-08-31,53.1
2018-09-04,53.55
2018-09-05,54.43
2018-09-06,54.15
2018-09-07,54.3
2018-09-10,53.95
2018-09-11,53.4
2018-09-12,52.35
2018-09-13,54.27
2018-09-14,52.65
2018-09-17,53.91
2018-09-18,53.05
2018-09-19,52.3
2018-09-20,52.18
2018-09-21,51.85
2018-09-24,52.41
2018-09-25,51.5
2018-09-26,52.2
2018-09-27,53.07
2018-09-28,52.24
2018-10-01,53.55
2018-10-02,53.75
2018-10-03,54.18
2018-10-04,54.1
2018-10-05,54.74
2018-10-08,54.05
2018-10-09,53.05
2018-10-10,52.95
2018-10-11,53.5
2018-10-12,50.95
2018-10-15,50.72
2018-10-16,53.1
2018-10-17,52.02
2018-10-18,52.85
2018-10-19,52.45
2018-10-22,51.3
2018-10-23,52.05
2018-10-24,52.55
2018-10-25,52.3
2018-10-26,50.95
2018-10-29,52.05
2018-10-30,51.2
2018-10-31,50.75
2018-11-01,50.4
2018-11-02,51.75
2018-11-05,51.05
2018-11-06,49.1
2018-11-07,48.15
2018-11-08,48.15
2018-11-09,49.45
2018-11-12,48.74
2018-11-13,46.85
2018-11-14,45.95
2018-11-15,45.5
2018-11-16,44.4
2018-11-19,45.5
2018-11-20,44.95
2018-11-21,43.35
2018-11-23,41.95
2018-11-26,42.05
2018-11-27,41.38
2018-11-28,41.1
2018-11-29,41.5
2018-11-30,43.05
2018-12-03,42.7
2018-12-04,41.9
2018-12-06,43.88
2018-12-07,41.75
2018-12-10,41.5
2018-12-11,39.19
2018-12-12,40.5
2018-12-13,39.95
2018-12-14,40.94
2018-12-17,40.17
2018-12-18,39.25
2018-12-19,38.75
2018-12-20,39.1
2018-12-21,37.95
2018-12-24,36.8
2018-12-26,36.49
2018-12-27,35.8
2018-12-28,37.4
2018-12-31,37.18
2019-01-02,37.98
2019-01-03,34.05
2019-01-04,37.45
2019-01-07,34.1
2019-01-08,35.07
2019-01-09,35.05
2019-01-10,36.25
2019-01-11,36.81
2019-01-14,36.6
2019-01-15,36.6
2019-01-16,36.03
2019-01-17,36.7
2019-01-18,37.13
2019-01-22,37.28
2019-01-23,37.55
2019-01-24,36.7
2019-01-25,37.13
2019-01-28,36.17
2019-01-29,37.51
2019-01-30,36.16
2019-01-31,36.55
2019-02-01,39.51
2019-02-04,40.1
2019-02-05,39.55
2019-02-06,41.05
2019-02-07,41.31
2019-02-08,41.65
2019-02-11,40.82
2019-02-12,41.03
2019-02-13,40.78
2019-02-14,40.85
2019-02-15,40.85
2019-02-19,41.05
2019-02-20,40.9
2019-02-21,40.98
2019-02-22,41.25
2019-02-25,41.05
2019-02-26,41.51
2019-02-27,41.85
2019-02-28,41.7
2019-03-01,41.95
2019-03-04,41.55
2019-03-05,41.95
2019-03-06,42.05
2019-03-07,41.8
2019-03-08,41.7
2019-03-11,41.45
2019-03-12,41.62
2019-03-13,42.98
2019-03-14,42.95
2019-03-15,43.68
2019-03-18,44.1
2019-03-19,44.71
2019-03-20,45.1
2019-03-21,44.91
2019-03-22,45.15
2019-03-25,46.8
2019-03-26,45.9
2019-03-27,45.7
2019-03-28,44.7
2019-03-29,45.21
2019-04-01,45.3
2019-04-02,46.0
2019-04-03,46.01
2019-04-04,46.35
2019-04-05,47.12
2019-04-08,47.01
2019-04-09,47.05
2019-04-10,48.07
2019-04-11,47.85
2019-04-12,48.31
2019-04-15,47.75
2019-04-16,47.51
2019-04-17,48.67
2019-04-18,48.15
2019-04-22,48.85
2019-04-23,48.95
2019-04-24,49.05
2019-04-25,49.91
2019-04-26,49.9
2019-04-29,49.25
2019-04-30,49.21
2019-05-01,51.0
2019-05-02,48.2
2019-05-03,50.28
2019-05-06,48.85
2019-05-07,50.15
2019-05-08,49.85
2019-05-09,48.4
2019-05-10,48.45
2019-05-13,45.29
2019-05-14,46.35
2019-05-15,44.75
2019-05-16,45.35
2019-05-17,45.78
2019-05-20,45.65
2019-05-21,45.5
2019-05-22,43.78
2019-05-23,44.7
2019-05-24,43.98
2019-05-28,42.98
2019-05-29,42.95
2019-05-30,42.75
2019-05-31,42.51
2019-06-03,42.75
2019-06-04,41.15
2019-06-05,41.85
2019-06-06,42.95
2019-06-07,43.77
2019-06-10,44.65
2019-06-11,45.55
2019-06-12,46.08
2019-06-13,47.05
2019-06-14,46.72
2019-06-17,46.81
2019-06-18,46.05
2019-06-19,46.55
2019-06-20,47.7
2019-06-21,47.5
2019-06-24,48.05
2019-06-25,47.7
2019-06-26,47.6
2019-06-27,47.08
2019-06-28,47.55
2019-07-01,48.65
2019-07-02,47.71
2019-07-03,48.57
2019-07-05,48.7
2019-07-08,49.2
2019-07-09,49.18
2019-07-10,48.21
2019-07-11,48.55
2019-07-12,49.02
2019-07-15,48.6
2019-07-16,48.75
2019-07-17,49.15
2019-07-18,48.96
2019-07-19,48.92
2019-07-22,49.65
2019-07-23,48.8
2019-07-24,48.93
2019-07-25,50.25
2019-07-26,50.65
2019-07-29,49.85
2019-07-30,50.05
2019-07-31,52.8
2019-08-01,49.8
2019-08-02,50.15
2019-08-05,48.37
2019-08-06,49.15
2019-08-07,46.7
2019-08-08,47.4
2019-08-09,47.85
2019-08-12,48.95
2019-08-13,48.39
2019-08-14,48.15
2019-08-15,50.74
2019-08-16,48.75
2019-08-19,48.82
2019-08-20,50.03
2019-08-21,50.55
2019-08-22,50.75
2019-08-23,51.4
2019-08-26,51.15
2019-08-27,48.35
2019-08-28,49.9
2019-08-29,49.35
2019-08-30,49.5
2019-09-03,50.5
2019-09-04,50.45
2019-09-05,50.05
2019-09-06,51.481475830078125
2019-09-09,51.84
2019-09-10,51.15
2019-09-11,53.8
2019-09-12,52.95
2019-09-13,54.31
2019-09-16,53.95
2019-09-17,52.65
2019-09-18,53.45
2019-09-19,53.38
2019-09-20,54.3
2019-09-23,53.4
2019-09-24,52.7
2019-09-25,52.88
2019-09-26,52.62
2019-09-27,53.45
2019-09-30,53.1
2019-10-01,53.1
2019-10-02,54.1
2019-10-03,54.28
2019-10-04,52.96
2019-10-07,53.5
2019-10-08,54.85
2019-10-09,54.75
2019-10-10,53.9
2019-10-11,54.47
2019-10-14,55.72
2019-10-15,56.95
2019-10-16,57.12
2019-10-17,56.65
2019-10-18,56.88
2019-10-21,56.85
2019-10-22,57.01
2019-10-23,58.15
2019-10-24,58.1
2019-10-25,58.9
2019-10-28,58.95
2019-10-29,59.65
2019-10-30,60.41
2019-10-31,59.32
2019-11-01,59.05
2019-11-04,60.18
2019-11-05,62.01
2019-11-06,62.35
2019-11-07,62.21
2019-11-08,62.45
2019-11-11,63.05
2019-11-12,63.15
2019-11-13,63.8
2019-11-14,63.85
2019-11-15,64.51
2019-11-18,63.85
2019-11-19,64.45
2019-11-20,64.45
2019-11-21,64.65
2019-11-22,64.1
2019-11-25,63.81
2019-11-26,63.95
2019-11-27,64.65
2019-11-29,64.03
2019-12-02,65.08
2019-12-03,64.83
2019-12-04,64.1
2019-12-05,63.05
2019-12-06,63.85
2019-12-09,64.45
2019-12-10,65.35
2019-12-11,64.95
2019-12-12,65.3
2019-12-13,66.1
2019-12-16,65.95
2019-12-17,66.55
2019-12-18,67.9
2019-12-19,68.15
2019-12-20,67.75
2019-12-23,68.15
2019-12-24,68.11
2019-12-26,69.35
2019-12-27,68.85
2019-12-30,70.54
2019-12-31,70.46
2020-01-02,70.9
2020-01-03,71.35
2020-01-06,73.4
2020-01-07,72.55
2020-01-08,72.95
2020-01-09,73.48
2020-01-10,73.62
2020-01-13,75.1
2020-01-14,74.95
2020-01-15,76.68
2020-01-16,75.37680053710938
2020-01-17,76.25
2020-01-21,76.45
2020-01-22,77.45
2020-01-23,76.91
2020-01-24,77.45
2020-01-27,77.3
2020-01-28,77.65
2020-01-29,77.75
2020-01-30,76.35
2020-01-31,77.85
2020-02-03,78.5
2020-02-04,73.16
2020-02-05,74.95
2020-02-06,77.65
2020-02-07,78.1
2020-02-10,78.95
2020-02-11,77.2
2020-02-12,77.9
2020-02-13,77.85
2020-02-14,79.38
2020-02-18,78.91
2020-02-19,77.45
2020-02-20,77.05
2020-02-21,78.0
2020-02-24,74.23
2020-02-25,74.8
2020-02-26,71.85
2020-02-27,68.75
2020-02-28,67.34
2020-03-02,65.9
2020-03-03,65.85
2020-03-04,73.1
2020-03-05,70.05
2020-03-06,72.0
2020-03-09,66.5
2020-03-10,69.2
2020-03-11,63.21
2020-03-12,65.5
2020-03-13,65.75
2020-03-16,54.15
2020-03-17,64.65
2020-03-18,58.65
2020-03-19,60.75
2020-03-20,58.67
2020-03-23,56.43
2020-03-24,59.5
2020-03-25,58.26
2020-03-26,61.7
2020-03-27,60.15
2020-03-30,63.4
2020-03-31,60.5
2020-04-01,62.05
2020-04-02,60.85
2020-04-03,57.8
2020-04-06,62.75
2020-04-07,59.35
2020-04-08,64.5
2020-04-09,63.15
2020-04-13,64.7
2020-04-14,69.25
2020-04-15,66.85
2020-04-16,70.36
2020-04-17,69.25
2020-04-20,69.65
2020-04-21,68.15
2020-04-22,67.95
2020-04-23,65.48
2020-04-24,67.85
2020-04-27,67.15
2020-04-28,69.15
2020-04-29,69.01
2020-04-30,70.31
2020-05-01,71.23
2020-05-04,71.55
2020-05-05,70.9
2020-05-06,71.67
2020-05-07,72.8
2020-05-08,74.05
2020-05-11,74.05
2020-05-12,75.8
2020-05-13,76.85
2020-05-14,76.21
2020-05-15,75.23
2020-05-18,75.8
2020-05-19,75.75
2020-05-20,76.95
2020-05-21,76.45
2020-05-22,78.12
2020-05-26,77.4
2020-05-27,77.75
2020-05-28,77.63
2020-05-29,77.65
2020-06-01,77.7
2020-06-02,77.65
2020-06-03,79.15
2020-06-04,79.05
2020-06-05,79.8
2020-06-08,79.15
2020-06-09,81.35
2020-06-10,81.9
2020-06-11,84.65
2020-06-12,84.75
2020-06-15,82.15
2020-06-16,82.7
2020-06-17,82.85
2020-06-18,86.05
2020-06-19,85.72
2020-06-22,86.35
2020-06-23,86.8
2020-06-24,87.96
2020-06-25,89.8
2020-06-26,88.05
2020-06-29,89.04
2020-06-30,85.9
2020-07-01,88.29
2020-07-02,88.55
2020-07-06,89.21
2020-07-07,89.05
2020-07-08,91.15
2020-07-09,91.35
2020-07-10,93.55
2020-07-13,93.85
2020-07-14,93.75
2020-07-15,93.15
2020-07-16,96.36
2020-07-17,95.05
2020-07-20,94.5
2020-07-21,93.95
2020-07-22,95.35
2020-07-23,94.85
2020-07-24,95.1
2020-07-27,90.5
2020-07-28,90.42
2020-07-29,92.55
2020-07-30,91.8
2020-07-31,103.5
2020-08-03,94.15
2020-08-04,105.15
2020-08-05,108.5
2020-08-06,107.51
2020-08-07,109.8
2020-08-10,111.5
2020-08-11,109.15
2020-08-12,110.8
2020-08-13,107.5
2020-08-14,109.85
2020-08-17,112.85
2020-08-18,112.85
2020-08-19,115.1
2020-08-20,113.6
2020-08-21,113.75
2020-08-24,115.91
2020-08-25,121.85
2020-08-26,123.5
2020-08-27,122.9
2020-08-28,124.8
2020-08-31,127.25
2020-09-01,125.25
2020-09-02,130.5
2020-09-03,128.51
2020-09-04,123.85
2020-09-08,116.25
2020-09-09,117.2
2020-09-10,109.85
2020-09-11,113.95
2020-09-14,110.9
2020-09-15,109.55
2020-09-16,113.2
2020-09-17,111.85
2020-09-18,108.95
2020-09-21,107.35
2020-09-22,104.5
2020-09-23,107.21
2020-09-24,108.22
2020-09-25,103.95
2020-09-28,105.85
2020-09-29,108.74
2020-09-30,112.45
2020-10-01,111.75
2020-10-02,113.15
2020-10-05,114.5
2020-10-06,111.31
2020-10-07,112.25
2020-10-08,109.51
2020-10-09,111.95
2020-10-12,113.15
2020-10-13,120.15
2020-10-14,121.15
2020-10-15,118.32
2020-10-16,119.02
2020-10-19,117.6
2020-10-20,116.7
2020-10-21,113.81
2020-10-22,114.15
2020-10-23,113.5
2020-10-26,113.01
2020-10-27,111.85
2020-10-28,111.45
2020-10-29,113.5
2020-10-30,108.8
2020-11-02,112.1
2020-11-03,106.5
2020-11-04,107.0
2020-11-05,108.15
2020-11-06,113.25
2020-11-09,116.45
2020-11-10,115.15
2020-11-11,114.35
2020-11-12,113.5
2020-11-13,116.68
2020-11-16,116.79
2020-11-17,117.85
2020-11-18,118.03
2020-11-19,117.45
2020-11-20,115.5
2020-11-23,116.05
2020-11-24,114.35
2020-11-25,111.75
2020-11-27,112.73
2020-11-30,113.85
2020-12-01,114.25
2020-12-02,117.85
2020-12-03,120.15
2020-12-04,120.51
2020-12-07,122.15
2020-12-08,120.15
2020-12-09,121.78
2020-12-10,121.78
2020-12-11,119.25
2020-12-14,121.58
2020-12-15,119.45
2020-12-16,118.35
2020-12-17,124.78
2020-12-18,124.66
2020-12-21,127.2
2020-12-22,123.85
2020-12-23,125.85
2020-12-24,128.1
2020-12-28,129.55
2020-12-29,129.35
2020-12-30,133.6
2020-12-31,132.1
2021-01-04,130.9
2021-01-05,129.95
2021-01-06,127.15
2021-01-07,130.15
2021-01-08,124.45
2021-01-11,129.05
2021-01-12,128.8
2021-01-13,125.8
2021-01-14,126.15
2021-01-15,128.1
2021-01-19,126.45
2021-01-20,124.5
2021-01-21,125.21
2021-01-22,129.25
2021-01-25,134.65
2021-01-26,136.45
2021-01-27,141.85
2021-01-28,142.9
2021-01-29,135.11
2021-02-01,134.15
2021-02-02,131.5
2021-02-03,131.5
2021-02-04,132.1
2021-02-05,131.15
2021-02-08,134.95
2021-02-09,134.15
2021-02-10,134.05
2021-02-11,132.8
2021-02-12,132.6
2021-02-16,132.75
2021-02-17,133.65
2021-02-18,129.85
2021-02-19,128.15
2021-02-22,127.05
2021-02-23,126.75
2021-02-24,122.8
2021-02-25,122.95
2021-02-26,121.5
2021-03-01,118.05
2021-03-02,119.05
2021-03-03,124.85
2021-03-04,122.6
2021-03-05,118.05
2021-03-08,116.85
2021-03-09,119.1
2021-03-10,114.05
2021-03-11,119.5
2021-03-12,117.05
2021-03-15,119.15
2021-03-16,118.3
2021-03-17,122.8376693725586
2021-03-18,122.04530334472656
2021-03-19,117.9073486328125
2021-03-22,117.3791046142578
2021-03-23,117.9
2021-03-24,120.09
2021-03-25,120.05
2021-03-26,117.5
2021-03-29,118.15
2021-03-30,119.89
2021-03-31,119.1
2021-04-01,117.49
2021-04-05,119.85
2021-04-06,120.85
2021-04-07,124.1
2021-04-08,123.8
2021-04-09,125.45
2021-04-12,128.15
2021-04-13,130.85
2021-04-14,129.15
2021-04-15,131.9
2021-04-16,129.45
2021-04-19,132.05
2021-04-20,131.55
2021-04-21,133.15
2021-04-22,130.45
2021-04-23,129.5
2021-04-26,129.35
2021-04-27,132.15
2021-04-28,132.15
2021-04-29,136.5
2021-04-30,133.48
2021-05-03,130.35
2021-05-04,127.85
2021-05-05,128.85
2021-05-06,124.72
2021-05-07,125.45
2021-05-10,126.55
2021-05-11,127.15
2021-05-12,123.85
2021-05-13,122.8
2021-05-14,120.45
2021-05-17,122.65
2021-05-18,124.15
2021-05-19,124.6
2021-05-20,122.5
2021-05-21,122.35
2021-05-24,125.1
2021-05-25,122.75
2021-05-26,124.88
2021-05-27,124.21
2021-05-28,124.18
2021-06-01,122.95
2021-06-02,122.35
2021-06-03,121.93
2021-06-04,123.1
2021-06-07,121.3
2021-06-08,124.1
2021-06-09,123.55
2021-06-10,124.45
2021-06-11,124.21
2021-06-14,123.83
2021-06-15,124.45
2021-06-16,127.15
2021-06-17,127.35
2021-06-18,127.15
2021-06-21,128.95
2021-06-22,127.9
2021-06-23,129.44
2021-06-24,130.25
2021-06-25,130.7
2021-06-28,130.99
2021-06-29,130.55
2021-06-30,131.85
2021-07-01,134.20742797851562
2021-07-02,134.51
2021-07-06,134.72
2021-07-07,136.58
2021-07-08,139.59
2021-07-09,142.66
2021-07-12,140.85
2021-07-13,142.95
2021-07-14,142.1
2021-07-15,142.65
2021-07-16,146.3
2021-07-19,145.7
2021-07-20,143.6
2021-07-21,139.35
2021-07-22,143.5
2021-07-23,142.15
2021-07-26,144.1
2021-07-27,146.25
2021-07-28,149.0
2021-07-29,143.71
2021-07-30,142.31
2021-08-02,143.05
2021-08-03,142.7
2021-08-04,142.75
2021-08-05,144.55
2021-08-06,143.75
2021-08-09,144.5
2021-08-10,143.55
2021-08-11,143.65
2021-08-12,142.65
2021-08-13,143.1
2021-08-16,146.2
2021-08-17,146.61
2021-08-18,147.95
2021-08-19,147.2
2021-08-20,143.35
2021-08-23,144.15
2021-08-24,145.3
2021-08-25,147.1
2021-08-26,147.1
2021-08-27,145.7
2021-08-30,144.95
2021-08-31,146.05
2021-09-01,149.85
2021-09-02,149.21
2021-09-03,149.45
2021-09-07,151.05
2021-09-08,151.35
2021-09-09,154.15
2021-09-10,151.95
2021-09-13,151.5
2021-09-14,145.85
2021-09-15,146.15
2021-09-16,144.95
2021-09-17,146.06
2021-09-20,146.25
2021-09-21,142.55
2021-09-22,140.05
2021-09-23,140.55
2021-09-24,142.83
2021-09-27,143.95
2021-09-28,143.55
2021-09-29,141.9
2021-09-30,138.75
2021-10-01,140.55
2021-10-04,139.14
2021-10-05,140.1
2021-10-06,136.82
2021-10-07,138.65
2021-10-08,139.6
2021-10-11,140.85
2021-10-12,140.85
2021-10-13,140.5
2021-10-14,139.15
2021-10-15,138.58
2021-10-18,141.5
2021-10-19,143.16
2021-10-20,144.7
2021-10-21,146.25
2021-10-22,146.15
2021-10-25,146.5
2021-10-26,146.15
2021-10-27,146.15
2021-10-28,146.8
2021-10-29,145.85
2021-11-01,150.05
2021-11-02,147.65
2021-11-03,145.9
2021-11-04,147.85
2021-11-05,148.92
2021-11-08,148.3
2021-11-09,149.1
2021-11-10,147.95
2021-11-11,147.9
2021-11-12,145.95
2021-11-15,145.83
2021-11-16,147.75
2021-11-17,148.15
2021-11-18,149.95
2021-11-19,151.3
2021-11-22,155.96
2021-11-23,158.1
2021-11-24,158.7
2021-11-26,159.1
2021-11-29,160.15
2021-11-30,154.8
2021-12-01,157.95
2021-12-02,163.1
2021-12-03,161.84
2021-12-06,160.5
2021-12-07,161.88
2021-12-08,163.75
2021-12-09,170.2
2021-12-10,172.85
2021-12-13,172.15
2021-12-14,175.8
2021-12-15,172.95
2021-12-16,171.6
2021-12-17,176.3
2021-12-20,168.95
2021-12-21,169.5
2021-12-22,167.45
2021-12-23,170.5
2021-12-27,173.15
2021-12-28,172.73
2021-12-29,177.5
2021-12-30,176.45
2021-12-31,176.15
2022-01-03,175.8
2022-01-04,176.75
2022-01-05,178.7
2022-01-06,173.5
2022-01-07,172.15
2022-01-10,168.85
2022-01-11,168.75
2022-01-12,170.15
2022-01-13,172.15
2022-01-14,172.3
2022-01-18,169.05
2022-01-19,169.57
2022-01-20,166.0
2022-01-21,162.5
2022-01-24,161.5
2022-01-25,159.3
2022-01-26,158.75
2022-01-27,156.7
2022-01-28,165.75
2022-01-31,157.35
2022-02-01,168.22
2022-02-02,171.35
2022-02-03,171.45
2022-02-04,173.45
2022-02-07,170.4
2022-02-08,169.13
2022-02-09,169.4
2022-02-10,172.15
2022-02-11,173.12
2022-02-14,168.88
2022-02-15,165.72
2022-02-16,165.85
2022-02-17,170.15
2022-02-18,168.88
2022-02-22,165.85
2022-02-23,164.25
2022-02-24,160.85
2022-02-25,160.25
2022-02-28,159.95
2022-03-01,160.95
2022-03-02,159.45
2022-03-03,159.85
2022-03-04,163.5
2022-03-07,163.15
2022-03-08,157.85
2022-03-09,157.8
2022-03-10,158.0
2022-03-11,159.2
2022-03-14,154.95
2022-03-15,149.5
2022-03-16,149.55
2022-03-17,153.1
2022-03-18,158.1
2022-03-21,157.9
2022-03-22,159.8
2022-03-23,163.15
2022-03-24,166.55
2022-03-25,166.15
2022-03-28,172.45
2022-03-29,172.87
2022-03-30,172.55
2022-03-31,175.2
2022-04-01,174.61
2022-04-04,172.15
2022-04-05,172.15
2022-04-06,175.06
2022-04-07,171.83
2022-04-08,168.41
2022-04-11,169.1
2022-04-12,167.05
2022-04-13,162.95
2022-04-14,164.95
2022-04-18,167.5
2022-04-19,162.3
2022-04-20,162.11
2022-04-21,164.15
2022-04-22,163.8
2022-04-25,163.41
2022-04-26,158.05
2022-04-27,157.5
2022-04-28,153.15
2022-04-29,157.8
2022-05-02,160.85
2022-05-03,152.64
2022-05-04,155.1
2022-05-05,155.75
2022-05-06,162.95
2022-05-09,153.15
2022-05-10,152.5
2022-05-11,147.55
2022-05-12,151.85
2022-05-13,142.21
2022-05-16,139.85
2022-05-17,144.75
2022-05-18,142.85
2022-05-19,146.15
2022-05-20,138.65
2022-05-23,135.75
2022-05-24,134.85
2022-05-25,140.75
2022-05-26,137.5
2022-05-27,142.15
2022-05-31,142.5
2022-06-01,147.03
2022-06-02,146.25
2022-06-03,145.95
2022-06-06,148.75
2022-06-07,144.15
2022-06-08,143.78
2022-06-09,145.8
2022-06-10,144.75
2022-06-13,136.8
2022-06-14,134.21
2022-06-15,129.5
2022-06-16,129.65
2022-06-17,132.85
2022-06-21,128.85
2022-06-22,129.3
2022-06-23,134.5
2022-06-24,134.72
2022-06-27,135.85
2022-06-28,139.2
2022-06-29,138.75
2022-06-30,135.1
2022-07-01,136.95
2022-07-05,134.7
2022-07-06,137.05
2022-07-07,141.56
2022-07-08,141.2
2022-07-11,144.85
2022-07-12,144.85
2022-07-13,142.53
2022-07-14,144.05
2022-07-15,144.15
2022-07-18,146.55
2022-07-19,149.88
2022-07-20,146.15
2022-07-21,148.65
2022-07-22,151.35
2022-07-25,153.85
2022-07-26,151.7
2022-07-27,150.85
2022-07-28,150.1
2022-07-29,161.47
2022-08-01,155.48
2022-08-02,160.88
2022-08-03,159.85
2022-08-04,157.95
2022-08-05,164.45
2022-08-08,163.8
2022-08-09,163.9
2022-08-10,164.35
2022-08-11,163.1
2022-08-12,167.9
2022-08-15,167.15
2022-08-16,170.3
2022-08-17,171.25
2022-08-18,171.1
2022-08-19,172.5
2022-08-22,171.65
2022-08-23,168.75
2022-08-24,165.15
2022-08-25,165.45
2022-08-26,164.2
2022-08-29,167.55
2022-08-30,160.85
2022-08-31,159.01
2022-09-01,155.8
2022-09-02,154.95
2022-09-06,156.15
2022-09-07,153.21
2022-09-08,153.0
2022-09-09,154.35
2022-09-12,152.85
2022-09-13,155.5
2022-09-14,160.19
2022-09-15,151.2
2022-09-16,152.5
2022-09-19,150.1
2022-09-20,149.15
2022-09-21,151.75
2022-09-22,153.25
2022-09-23,150.85
2022-09-26,150.28
2022-09-27,148.7
2022-09-28,148.95
2022-09-29,149.55
2022-09-30,143.5
2022-10-03,139.95
2022-10-04,136.75
2022-10-05,140.1
2022-10-06,143.9
2022-10-07,144.4
2022-10-10,142.8
2022-10-11,137.9
2022-10-12,138.21
2022-10-13,137.5
2022-10-14,138.15
2022-10-17,141.3
2022-10-18,136.21
2022-10-19,140.14
2022-10-20,142.75
2022-10-21,141.65
2022-10-24,141.85
2022-10-25,146.12
2022-10-26,147.15
2022-10-27,148.15
2022-10-28,145.15
2022-10-31,142.75
2022-11-01,153.6
2022-11-02,151.0
2022-11-03,146.35
2022-11-04,142.5
2022-11-07,137.45
2022-11-08,135.25
2022-11-09,137.95
2022-11-10,138.05
2022-11-11,133.85
2022-11-14,145.33
2022-11-15,148.65
2022-11-16,146.45
2022-11-17,148.1
2022-11-18,146.5
2022-11-21,148.2
2022-11-22,149.3
2022-11-23,146.55
2022-11-25,148.7
2022-11-28,149.05
2022-11-29,144.21
2022-11-30,141.85
2022-12-01,139.15
2022-12-02,147.15
2022-12-05,146.2
2022-12-06,144.6
2022-12-07,143.85
2022-12-08,142.15
2022-12-09,138.95
2022-12-12,140.85
2022-12-13,140.25
2022-12-14,143.21
2022-12-15,141.85
2022-12-16,140.95
2022-12-19,134.55
2022-12-20,132.35
2022-12-21,131.0
2022-12-22,130.35
2022-12-23,132.25
2022-12-27,130.03
2022-12-28,129.95
2022-12-29,128.1
2022-12-30,125.1
2023-01-03,127.5
2023-01-04,127.75
2023-01-05,123.5
2023-01-06,125.1
2023-01-09,123.71
2023-01-10,128.39
2023-01-11,129.2
2023-01-12,130.15
2023-01-13,131.85
2023-01-17,132.15
2023-01-18,132.95
2023-01-19,134.75
2023-01-20,133.5
2023-01-23,134.02
2023-01-24,136.55
2023-01-25,140.15
2023-01-26,141.35
2023-01-27,140.85
2023-01-30,142.05
2023-01-31,144.85
2023-02-01,141.1
2023-02-02,142.85
2023-02-03,140.75
2023-02-06,149.21
2023-02-07,153.2
2023-02-08,150.3
2023-02-09,153.15
2023-02-10,150.25
2023-02-13,148.95
2023-02-14,149.8
2023-02-15,152.65
2023-02-16,151.85
2023-02-17,153.55
2023-02-21,152.48
2023-02-22,150.48
2023-02-23,146.85
2023-02-24,146.71
2023-02-27,147.85
2023-02-28,144.8
2023-03-01,146.3
2023-03-02,145.9
2023-03-03,144.58
2023-03-06,144.35
2023-03-07,149.2
2023-03-08,151.85
2023-03-09,149.95
2023-03-10,150.58
2023-03-13,148.85
2023-03-14,146.8
2023-03-15,148.75
2023-03-16,150.45
2023-03-17,151.95
2023-03-20,154.5
2023-03-21,153.6
2023-03-22,156.05
2023-03-23,158.0
2023-03-24,156.48
2023-03-27,157.4
2023-03-28,158.4
2023-03-29,157.1
2023-03-30,156.4
2023-03-31,160.1
2023-04-03,160.9
2023-04-04,163.6
2023-04-05,164.3
2023-04-06,164.12
2023-04-10,162.35
2023-04-11,163.15
2023-04-12,160.65
2023-04-13,159.05
2023-04-14,158.75
2023-04-17,164.1
2023-04-18,163.8
2023-04-19,164.7
2023-04-20,164.55
2023-04-21,166.15
2023-04-24,165.15
2023-04-25,165.2
2023-04-26,163.81
2023-04-27,162.45
2023-04-28,162.61
2023-05-01,167.1
2023-05-02,168.24
2023-05-03,167.7
2023-05-04,167.21
2023-05-05,171.5
2023-05-08,164.4
2023-05-09,172.18
2023-05-10,171.51
2023-05-11,169.88
2023-05-12,171.75
2023-05-15,172.15
2023-05-16,171.25
2023-05-17,170.8
2023-05-18,170.79
2023-05-19,171.35
2023-05-22,173.75
2023-05-23,174.1
2023-05-24,172.95
2023-05-25,169.95
2023-05-26,170.85
2023-05-30,171.85
2023-05-31,174.15
2023-06-01,176.1
2023-06-02,176.15
2023-06-05,179.3911590576172
2023-06-06,179.85
2023-06-07,178.85
2023-06-08,177.85
2023-06-09,176.75
2023-06-12,179.25
2023-06-13,180.15
2023-06-14,182.95
2023-06-15,182.85
2023-06-16,182.95
2023-06-20,184.78
2023-06-21,183.05
2023-06-22,183.7
2023-06-23,182.85
2023-06-26,185.8
2023-06-27,185.45
2023-06-28,183.95
2023-06-29,186.95
2023-06-30,188.8
2023-07-03,188.1
2023-07-05,192.45
2023-07-06,191.1
2023-07-07,190.15
2023-07-10,190.55
2023-07-11,188.61
2023-07-12,187.3
2023-07-13,187.05
2023-07-14,188.4
2023-07-17,189.15
2023-07-18,189.43
2023-07-19,192.75
2023-07-20,191.75
2023-07-21,192.95
2023-07-24,191.8
2023-07-25,190.45
2023-07-26,191.45
2023-07-27,192.98
2023-07-28,191.62
2023-07-31,191.8
2023-08-01,194.35
2023-08-02,194.5
2023-08-03,193.25
2023-08-04,189.75
2023-08-07,189.35
2023-08-08,181.32
2023-08-09,177.45
2023-08-10,177.89
2023-08-11,176.2
2023-08-14,176.55
2023-08-15,176.75
2023-08-16,177.85
2023-08-17,175.95
2023-08-18,174.45
2023-08-21,172.45
2023-08-22,173.3
2023-08-23,174.91
2023-08-24,175.7
2023-08-25,179.75
2023-08-28,174.75
2023-08-29,177.66
2023-08-30,179.15
2023-08-31,183.05
2023-09-01,186.45
2023-09-05,186.85
2023-09-06,187.9
2023-09-07,187.95
2023-09-08,178.5
2023-09-11,176.45
2023-09-12,178.05499267578125
2023-09-13,176.5
2023-09-14,174.35
2023-09-15,172.61
2023-09-18,174.3
2023-09-19,173.55
2023-09-20,176.45
2023-09-21,177.65
2023-09-22,173.95
2023-09-25,172.8
2023-09-26,173.75
2023-09-27,174.55
2023-09-28,170.45
2023-09-29,168.45
2023-10-02,169.71
2023-10-03,170.26
2023-10-04,172.2
2023-10-05,171.5
2023-10-06,172.55
2023-10-09,173.35
2023-10-10,176.55
2023-10-11,177.75
2023-10-12,177.41
2023-10-13,178.2
2023-10-16,179.76
2023-10-17,177.85
2023-10-18,177.5
2023-10-19,174.95
2023-10-20,174.31
2023-10-23,174.25
2023-10-24,170.51
2023-10-25,171.6
2023-10-26,171.85
2023-10-27,169.15
2023-10-30,165.45
2023-10-31,166.25
2023-11-01,168.9
2023-11-02,169.25
2023-11-03,175.5
2023-11-06,176.5
2023-11-07,175.01
2023-11-08,177.5
2023-11-09,180.75
2023-11-10,182.15
2023-11-13,181.15
2023-11-14,184.9
2023-11-15,184.05
2023-11-16,186.75
2023-11-17,187.15
2023-11-20,188.72
2023-11-21,188.8
2023-11-22,190.15
2023-11-24,189.85
2023-11-27,190.48
2023-11-28,188.71
2023-11-29,189.05
2023-11-30,189.55
2023-12-01,188.5
2023-12-04,188.9
2023-12-05,189.75
2023-12-06,188.75
2023-12-07,192.15
2023-12-08,191.6
2023-12-11,193.45
2023-12-12,194.88
2023-12-13,191.75
2023-12-14,193.8
2023-12-15,197.15
2023-12-18,197.1
2023-12-19,193.48
2023-12-20,195.15
2023-12-21,196.05
2023-12-22,193.95
2023-12-26,193.8
2023-12-27,192.78
2023-12-28,192.3
2023-12-29,192.55
2024-01-02,192.35
2024-01-03,191.1
2024-01-04,184.2
2024-01-05,182.9
2024-01-08,180.5
2024-01-09,179.85
2024-01-10,184.8
2024-01-11,184.15
2024-01-12,184.9
2024-01-16,184.35
2024-01-17,183.45
2024-01-18,181.65
2024-01-19,181.7
2024-01-22,187.65
2024-01-23,190.95
2024-01-24,193.1
2024-01-25,193.85
2024-01-26,192.55
2024-01-29,192.85
2024-01-30,191.65
2024-01-31,190.45
2024-02-01,186.65
2024-02-02,185.5
2024-02-05,185.9
2024-02-06,184.26
2024-02-07,186.25
2024-02-08,187.8
2024-02-09,188.45
2024-02-12,187.45
2024-02-13,188.25
2024-02-14,186.15
2024-02-15,183.95
2024-02-16,183.78
2024-02-20,183.25
2024-02-21,181.6
2024-02-22,180.55
2024-02-23,181.75
2024-02-26,183.65
2024-02-27,181.11
2024-02-28,181.7717132568359
2024-02-29,181.25
2024-03-01,180.45
2024-03-04,180.15
2024-03-05,174.53
2024-03-06,172.95
2024-03-07,168.95
2024-03-08,168.85
2024-03-11,167.9
2024-03-12,169.78
2024-03-13,172.25
2024-03-14,172.21
2024-03-15,170.4
2024-03-18,172.05
2024-03-19,171.7
2024-03-20,173.95
2024-03-21,176.85
2024-03-22,169.83
2024-03-25,170.85
2024-03-26,170.33
2024-03-27,169.71
2024-03-28,169.05
2024-04-01,172.65
2024-04-02,170.75
2024-04-03,168.85
2024-04-04,168.3
2024-04-05,168.75
2024-04-08,168.25
2024-04-09,168.6
2024-04-10,167.45
2024-04-11,168.15
2024-04-12,166.7
2024-04-15,173.95
2024-04-16,175.45
2024-04-17,171.55
2024-04-18,168.45
2024-04-19,166.95
2024-04-22,166.15
2024-04-23,165.15
2024-04-24,165.35
2024-04-25,166.5
2024-04-26,168.05
2024-04-29,169.15
2024-04-30,168.35
2024-05-01,172.5
2024-05-02,169.7
2024-05-03,165.9
2024-05-06,172.45
2024-05-07,183.15
2024-05-08,181.15
2024-05-09,181.4
2024-05-10,181.75
2024-05-13,183.9
2024-05-14,182.75
2024-05-15,185.7
2024-05-16,186.95
2024-05-17,189.4
2024-05-20,189.45
2024-05-21,189.42
2024-05-22,190.75
2024-05-23,191.95
2024-05-24,189.95
2024-05-28,186.4
2024-05-29,189.65
2024-05-30,189.7
2024-05-31,190.1
2024-06-03,190.8
2024-06-04,192.05
2024-06-05,193.75
2024-06-06,194.15
2024-06-07,194.85
2024-06-10,194.35
2024-06-11,203.1
2024-06-12,192.15
2024-06-13,207.8
2024-06-14,212.55
2024-06-17,214.15
2024-06-18,212.15
2024-06-20,216.3
2024-06-21,213.25
2024-06-24,209.5
2024-06-25,205.65
2024-06-26,207.15
2024-06-27,208.2
2024-06-28,212.8
2024-07-01,213.45
2024-07-02,210.5
2024-07-03,215.95
2024-07-05,219.85
2024-07-08,221.15
2024-07-09,226.0
2024-07-10,227.51
2024-07-11,227.55
2024-07-12,233.15
2024-07-15,227.15
2024-07-16,230.15
2024-07-17,234.05
2024-07-18,234.45
2024-07-19,228.5
2024-07-22,223.15
2024-07-23,224.05
2024-07-24,223.3
2024-07-25,224.78
2024-07-26,218.15
2024-07-29,217.1
2024-07-30,216.95
2024-07-31,217.85
2024-08-01,218.35
2024-08-02,225.77
2024-08-05,217.85
2024-08-06,218.9
2024-08-07,209.1
2024-08-08,206.45
2024-08-09,209.45
2024-08-12,212.85
2024-08-13,215.85
2024-08-14,216.78
2024-08-15,221.15
2024-08-16,221.35
2024-08-19,224.35
2024-08-20,225.78
2024-08-21,225.85
2024-08-22,226.35
2024-08-23,226.25
2024-08-26,224.35
2024-08-27,225.9
2024-08-28,227.52923583984372
2024-08-29,225.99261474609372
2024-08-30,226.55
2024-09-03,229.55
2024-09-04,228.3
2024-09-05,222.1
2024-09-06,220.47
2024-09-09,222.15
2024-09-10,221.15
2024-09-11,217.95
2024-09-12,219.95
2024-09-13,221.85
2024-09-16,222.75
2024-09-17,221.7
2024-09-18,216.05
2024-09-19,216.2
2024-09-20,220.75
2024-09-23,228.5
2024-09-24,227.95
2024-09-25,226.15
2024-09-26,227.15
2024-09-27,225.64
2024-09-30,227.15
2024-10-01,227.1
2024-10-02,232.61
2024-10-03,226.35
2024-10-04,225.95
2024-10-07,225.5
2024-10-08,226.55
2024-10-09,221.55
2024-10-10,225.05
2024-10-11,229.15
2024-10-14,228.7
2024-10-15,227.1
2024-10-16,230.55
2024-10-17,233.58
2024-10-18,231.75
2024-10-21,231.75
2024-10-22,234.15
2024-10-23,236.15
2024-10-24,234.95
2024-10-25,230.7
2024-10-28,230.45
2024-10-29,230.55
2024-10-30,233.15
2024-10-31,233.45
2024-11-01,227.95
2024-11-04,225.65
2024-11-05,222.15
2024-11-06,221.8
2024-11-07,222.85
2024-11-08,222.51
2024-11-11,227.15
2024-11-12,227.1
2024-11-13,224.15
2024-11-14,224.43
2024-11-15,225.05
2024-11-18,227.75
2024-11-19,225.0
2024-11-20,228.1
2024-11-21,228.45
2024-11-22,228.9
2024-11-25,228.4
2024-11-26,229.75
2024-11-27,233.07
2024-11-29,235.1
2024-12-02,234.85
2024-12-03,237.25
2024-12-04,239.5
2024-12-05,242.45
2024-12-06,243.15
2024-12-09,242.9
2024-12-10,238.74
2024-12-11,246.7
2024-12-12,247.7
2024-12-13,246.5
2024-12-16,248.05
2024-12-17,248.1
2024-12-18,244.15
2024-12-19,253.35
2024-12-20,247.95
2024-12-23,249.85
2024-12-24,254.39
2024-12-26,254.85
2024-12-27,258.15
2024-12-30,258.48
