Date,aggregated_sentiment
2015-01-05,0.0
2015-01-06,0.0
2015-01-07,0.0
2015-01-08,0.0
2015-01-09,0.0
2015-01-12,0.0
2015-01-13,0.0
2015-01-14,0.0
2015-01-15,0.0007
2015-01-16,0.0006000000000000001
2015-01-20,0.0002
2015-01-21,0.0001
2015-01-22,0.0
2015-01-23,0.0
2015-01-26,0.0
2015-01-27,0.0
2015-01-28,0.0
2015-01-29,0.0
2015-01-30,0.0
2015-02-02,-0.0005
2015-02-03,-0.0004
2015-02-04,-0.00030000000000000003
2015-02-05,-0.0002
2015-02-06,-0.0001
2015-02-09,0.0005
2015-02-10,0.0004
2015-02-11,0.00030000000000000003
2015-02-12,0.0002
2015-02-13,0.0001
2015-02-17,-0.0004
2015-02-18,-0.00030000000000000003
2015-02-19,-0.0002
2015-02-20,-0.0001
2015-02-23,0.0
2015-02-24,0.0007
2015-02-25,0.0006000000000000001
2015-02-26,-0.00019999999999999998
2015-02-27,-0.00020000000000000004
2015-03-02,-0.00020000000000000004
2015-03-03,-0.00019999999999999998
2015-03-04,-0.0007999999999999999
2015-03-05,-0.002
2015-03-06,-0.0010000000000000002
2015-03-09,0.0006000000000000001
2015-03-10,0.0006000000000000001
2015-03-11,0.0006000000000000001
2015-03-12,0.0005
2015-03-13,0.0002
2015-03-16,0.0
2015-03-17,0.0
2015-03-18,-0.0007
2015-03-19,-0.0006
2015-03-20,-0.0005
2015-03-23,0.0005
2015-03-24,0.0005000000000000001
2015-03-25,0.0005
2015-03-26,0.0004
2015-03-27,0.00030000000000000003
2015-03-30,0.0
2015-03-31,0.0
2015-04-01,0.0
2015-04-02,-0.0014
2015-04-06,-0.002
2015-04-07,-0.0015
2015-04-08,-0.0017000000000000001
2015-04-09,0.0002999999999999999
2015-04-10,0.0005
2015-04-13,0.0004000000000000001
2015-04-14,0.00030000000000000003
2015-04-15,-0.0005
2015-04-16,-0.0006000000000000001
2015-04-17,-0.0005
2015-04-20,-0.0002
2015-04-21,-0.0001
2015-04-22,0.0
2015-04-23,0.0
2015-04-24,0.0
2015-04-27,0.0
2015-04-28,0.0007
2015-04-29,-9.999999999999994e-05
2015-04-30,-0.00010000000000000005
2015-05-01,-9.999999999999999e-05
2015-05-04,0.0004000000000000001
2015-05-05,0.00030000000000000003
2015-05-06,0.00030000000000000003
2015-05-07,0.0002
2015-05-08,0.0001
2015-05-11,0.0
2015-05-12,0.0
2015-05-13,0.0
2015-05-14,0.0
2015-05-15,0.0
2015-05-18,0.0007
2015-05-19,0.0013
2015-05-20,0.0011
2015-05-21,0.0009
2015-05-22,0.0007000000000000001
2015-05-26,0.0
2015-05-27,0.0
2015-05-28,-0.0007
2015-05-29,-0.0006000000000000001
2015-06-01,0.00019999999999999998
2015-06-02,0.0002
2015-06-03,0.00020000000000000004
2015-06-04,0.0015999999999999999
2015-06-05,0.0013000000000000002
2015-06-08,0.0006000000000000001
2015-06-09,0.0004
2015-06-10,0.0002
2015-06-11,0.0
2015-06-12,0.0
2015-06-15,0.0
2015-06-16,0.0
2015-06-17,0.0007
2015-06-18,-9.999999999999994e-05
2015-06-19,-0.0007999999999999999
2015-06-22,-0.0012000000000000001
2015-06-23,-0.001
2015-06-24,-0.00010000000000000005
2015-06-25,0.0007999999999999999
2015-06-26,0.0008
2015-06-29,0.0012000000000000001
2015-06-30,0.0009000000000000001
2015-07-01,0.0006000000000000001
2015-07-02,0.0018
2015-07-06,0.0006000000000000001
2015-07-07,0.0004
2015-07-08,0.0009000000000000001
2015-07-09,0.0006000000000000001
2015-07-10,0.0005
2015-07-13,-0.0004000000000000001
2015-07-14,-0.0004
2015-07-15,-0.0004
2015-07-16,-0.00030000000000000003
2015-07-17,-0.0002
2015-07-20,-0.0005
2015-07-21,-0.0004
2015-07-22,-0.001
2015-07-23,-0.0008
2015-07-24,9.999999999999994e-05
2015-07-27,0.00019999999999999998
2015-07-28,0.00020000000000000006
2015-07-29,0.00020000000000000004
2015-07-30,0.0001
2015-07-31,0.0
2015-08-03,0.0
2015-08-04,0.0
2015-08-05,0.0
2015-08-06,0.0
2015-08-07,0.0007
2015-08-10,-9.999999999999999e-05
2015-08-11,-9.999999999999999e-05
2015-08-12,-0.0008
2015-08-13,-0.0007
2015-08-14,-0.0006000000000000001
2015-08-17,-0.0007
2015-08-18,-0.0005
2015-08-19,-0.00030000000000000003
2015-08-20,-0.0002
2015-08-21,-0.0001
2015-08-24,0.0
2015-08-25,0.0007
2015-08-26,0.0006000000000000001
2015-08-27,0.0005
2015-08-28,0.0004
2015-08-31,-0.0004
2015-09-01,-0.0011
2015-09-02,-0.0009000000000000001
2015-09-03,-0.0007
2015-09-04,-0.0005
2015-09-08,0.0005000000000000001
2015-09-09,-0.00030000000000000003
2015-09-10,0.0011
2015-09-11,0.0009
2015-09-14,0.00030000000000000003
2015-09-15,0.0017000000000000001
2015-09-16,0.0014000000000000002
2015-09-17,0.001
2015-09-18,0.0015
2015-09-21,-0.0005
2015-09-22,-0.0006000000000000001
2015-09-23,0.0009
2015-09-24,0.0008
2015-09-25,0.0006999999999999999
2015-09-28,0.0011
2015-09-29,0.0015
2015-09-30,0.0011
2015-10-01,0.0009
2015-10-02,5.421010862427522e-20
2015-10-05,-0.0008
2015-10-06,-0.0007000000000000001
2015-10-07,-0.0005
2015-10-08,-0.001
2015-10-09,-0.0007000000000000001
2015-10-12,-0.0014000000000000002
2015-10-13,-0.0011
2015-10-14,-0.0015
2015-10-15,-0.0011
2015-10-16,-0.0008
2015-10-19,-0.0002
2015-10-20,-0.0001
2015-10-21,0.0
2015-10-22,0.0
2015-10-23,0.0
2015-10-26,0.0
2015-10-27,-0.0007
2015-10-28,9.999999999999994e-05
2015-10-29,-0.0013
2015-10-30,-0.0004000000000000001
2015-11-02,-0.00010000000000000002
2015-11-03,2.710505431213761e-20
2015-11-04,0.0
2015-11-05,0.0001
2015-11-06,0.0
2015-11-09,0.0
2015-11-10,0.0
2015-11-11,0.0
2015-11-12,0.0014
2015-11-13,0.0019000000000000002
2015-11-16,0.001
2015-11-17,0.0007000000000000001
2015-11-18,0.0004
2015-11-19,0.0001
2015-11-20,0.0
2015-11-23,0.0
2015-11-24,0.0
2015-11-25,0.0
2015-11-27,0.0
2015-11-30,0.0
2015-12-01,0.0
2015-12-02,0.0
2015-12-03,-0.0014
2015-12-04,-0.0012000000000000001
2015-12-07,-0.0006000000000000001
2015-12-08,-0.0004
2015-12-09,-0.0002
2015-12-10,0.0007
2015-12-11,-9.999999999999994e-05
2015-12-14,0.0006000000000000001
2015-12-15,0.0005
2015-12-16,0.0004
2015-12-17,0.00030000000000000003
2015-12-18,-0.00039999999999999996
2015-12-21,-0.001
2015-12-22,-0.0008
2015-12-23,9.999999999999996e-05
2015-12-24,0.00020000000000000004
2015-12-28,0.0002
2015-12-29,0.0001
2015-12-30,-0.0007
2015-12-31,9.999999999999994e-05
2016-01-04,0.00010000000000000002
2016-01-05,0.0001
2016-01-06,0.0001
2016-01-07,0.0
2016-01-08,0.0
2016-01-11,0.0
2016-01-12,0.0
2016-01-13,0.0
2016-01-14,0.0
2016-01-15,0.0
2016-01-19,0.0
2016-01-20,0.0
2016-01-21,-0.0007
2016-01-22,-0.0006000000000000001
2016-01-25,0.0007
2016-01-26,0.0006000000000000001
2016-01-27,-0.00019999999999999993
2016-01-28,0.0004999999999999999
2016-01-29,0.00030000000000000003
2016-02-01,0.00010000000000000002
2016-02-02,0.0008
2016-02-03,0.0021000000000000003
2016-02-04,0.0017000000000000001
2016-02-05,0.0014
2016-02-08,0.0005
2016-02-09,0.0002
2016-02-10,0.0
2016-02-11,0.0
2016-02-12,0.0
2016-02-16,0.0011
2016-02-17,0.0009000000000000001
2016-02-18,-0.0007
2016-02-19,-0.0014
2016-02-22,-0.0031
2016-02-23,-0.0032
2016-02-24,-0.0031000000000000003
2016-02-25,-0.0015
2016-02-26,-0.0015999999999999999
2016-02-29,-0.0009000000000000001
2016-03-01,0.00010000000000000009
2016-03-02,0.0002000000000000001
2016-03-03,0.00020000000000000017
2016-03-04,0.0003000000000000002
2016-03-07,-0.0016000000000000003
2016-03-08,-0.0028
2016-03-09,-0.0023
2016-03-10,-0.0018000000000000002
2016-03-11,-0.002
2016-03-14,-0.0011
2016-03-15,-0.0007000000000000001
2016-03-16,-0.0012000000000000001
2016-03-17,-0.0016000000000000003
2016-03-18,-0.0012000000000000001
2016-03-21,-0.0005
2016-03-22,-0.001
2016-03-23,-1.0842021724855044e-19
2016-03-24,-0.0006
2016-03-28,-0.0007
2016-03-29,-0.0005000000000000001
2016-03-30,-0.0011
2016-03-31,-0.0008
2016-04-01,-0.0006000000000000001
2016-04-04,-0.00019999999999999998
2016-04-05,-0.0001
2016-04-06,0.0
2016-04-07,0.0
2016-04-08,0.0014
2016-04-11,0.00030000000000000003
2016-04-12,0.00020000000000000004
2016-04-13,0.0007999999999999999
2016-04-14,0.0006000000000000001
2016-04-15,0.0004
2016-04-18,0.0002
2016-04-19,-0.0006
2016-04-20,-0.0013
2016-04-21,-0.0011
2016-04-22,-0.0009
2016-04-25,-0.0008
2016-04-26,-0.0012000000000000001
2016-04-27,-0.0015999999999999999
2016-04-28,-0.002
2016-04-29,-0.0023
2016-05-02,-0.001
2016-05-03,-0.0006000000000000002
2016-05-04,-0.001
2016-05-05,-0.0007000000000000001
2016-05-06,-0.0005
2016-05-09,0.0004000000000000001
2016-05-10,-0.00030000000000000003
2016-05-11,-0.00020000000000000004
2016-05-12,-0.00019999999999999998
2016-05-13,-0.0002
2016-05-16,0.0009
2016-05-17,0.00010000000000000005
2016-05-18,0.0
2016-05-19,-0.0008
2016-05-20,-0.0008
2016-05-23,-0.0004
2016-05-24,-0.0002
2016-05-25,-0.0001
2016-05-26,0.0
2016-05-27,0.0
2016-05-31,-0.0004
2016-06-01,-0.00030000000000000003
2016-06-02,-0.0015999999999999999
2016-06-03,-0.0013000000000000002
2016-06-06,-0.0006000000000000001
2016-06-07,-0.0004
2016-06-08,-0.0002
2016-06-09,0.0
2016-06-10,-0.0007
2016-06-13,9.999999999999999e-05
2016-06-14,0.0015
2016-06-15,0.0013000000000000002
2016-06-16,0.0011
2016-06-17,0.0002000000000000001
2016-06-20,-0.0009
2016-06-21,-0.0009
2016-06-22,-0.0007
2016-06-23,-0.0005
2016-06-24,-0.001
2016-06-27,-0.0004
2016-06-28,0.00039999999999999996
2016-06-29,0.0004000000000000001
2016-06-30,0.0011
2016-07-01,0.0003000000000000001
2016-07-05,-0.0014000000000000002
2016-07-06,-0.0011
2016-07-07,-0.0008
2016-07-08,-0.0004
2016-07-11,0.0
2016-07-12,-0.0007
2016-07-13,-0.0006000000000000001
2016-07-14,-0.0005
2016-07-15,-0.0004
2016-07-18,-0.0001
2016-07-19,0.0007
2016-07-20,0.0006000000000000001
2016-07-21,0.0005
2016-07-22,0.0004
2016-07-25,0.0001
2016-07-26,0.0
2016-07-27,-0.0014
2016-07-28,-0.0005000000000000001
2016-07-29,-0.00039999999999999996
2016-08-01,-0.0007
2016-08-02,-0.0005000000000000001
2016-08-03,-0.00030000000000000003
2016-08-04,-0.001
2016-08-05,-0.0008
2016-08-08,-0.00030000000000000003
2016-08-09,0.0005
2016-08-10,0.0005
2016-08-11,0.0005
2016-08-12,0.0004
2016-08-15,0.0001
2016-08-16,0.0
2016-08-17,0.0007
2016-08-18,0.0006000000000000001
2016-08-19,0.0005
2016-08-22,0.0002
2016-08-23,0.0001
2016-08-24,0.0
2016-08-25,0.0007
2016-08-26,-9.999999999999994e-05
2016-08-29,-0.0006
2016-08-30,-0.0012000000000000001
2016-08-31,-0.0031000000000000003
2016-09-01,-0.0033
2016-09-02,-0.0018999999999999998
2016-09-06,0.00010000000000000005
2016-09-07,0.0004000000000000001
2016-09-08,0.0018
2016-09-09,0.0008
2016-09-12,0.00030000000000000003
2016-09-13,0.0007999999999999999
2016-09-14,0.0006000000000000002
2016-09-15,0.0004
2016-09-16,0.0004
2016-09-19,0.0001
2016-09-20,0.0
2016-09-21,0.0007
2016-09-22,-9.999999999999994e-05
2016-09-23,0.0006
2016-09-26,-0.00030000000000000003
2016-09-27,-0.0003
2016-09-28,0.00039999999999999996
2016-09-29,0.0011
2016-09-30,0.0009000000000000001
2016-10-03,0.0005
2016-10-04,0.00030000000000000003
2016-10-05,0.0001
2016-10-06,0.0
2016-10-07,0.0
2016-10-10,-0.0012000000000000001
2016-10-11,-0.001
2016-10-12,-0.0008
2016-10-13,-0.0006000000000000001
2016-10-14,-0.0004
2016-10-17,0.0
2016-10-18,0.0
2016-10-19,0.0
2016-10-20,0.0
2016-10-21,0.0
2016-10-24,0.0
2016-10-25,0.0
2016-10-26,0.0
2016-10-27,0.0007
2016-10-28,-9.999999999999994e-05
2016-10-31,-9.999999999999999e-05
2016-11-01,-0.00010000000000000002
2016-11-02,-0.0001
2016-11-03,-0.0001
2016-11-04,0.0
2016-11-07,-0.0007
2016-11-08,-0.0013
2016-11-09,-0.0011
2016-11-10,-0.0015999999999999999
2016-11-11,-0.0013000000000000002
2016-11-14,0.00019999999999999998
2016-11-15,0.00030000000000000003
2016-11-16,0.00030000000000000003
2016-11-17,0.00030000000000000003
2016-11-18,0.0002
2016-11-21,0.0007
2016-11-22,0.0006000000000000001
2016-11-23,0.0005
2016-11-25,0.00030000000000000003
2016-11-28,0.0
2016-11-29,0.0
2016-11-30,0.0
2016-12-01,0.0007
2016-12-02,0.0006000000000000001
2016-12-05,0.00030000000000000003
2016-12-06,0.0002
2016-12-07,0.0008
2016-12-08,0.0006000000000000001
2016-12-09,0.0005
2016-12-12,0.0002
2016-12-13,0.0001
2016-12-14,-0.0007
2016-12-15,-0.0006000000000000001
2016-12-16,-0.0005
2016-12-19,-0.0002
2016-12-20,-0.0001
2016-12-21,0.0
2016-12-22,0.0
2016-12-23,0.0
2016-12-27,-0.0008
2016-12-28,-0.0006000000000000001
2016-12-29,-0.0004
2016-12-30,-0.0002
2017-01-03,-0.0006000000000000001
2017-01-04,-0.0005
2017-01-05,-0.0018
2017-01-06,-0.0036
2017-01-09,-0.0024000000000000002
2017-01-10,-0.0018
2017-01-11,-0.0012000000000000001
2017-01-12,-0.0006000000000000001
2017-01-13,-0.0002
2017-01-17,0.0
2017-01-18,0.0
2017-01-19,-0.0007
2017-01-20,-0.0006000000000000001
2017-01-23,-0.0009000000000000001
2017-01-24,-0.0014
2017-01-25,-0.0011
2017-01-26,-0.0008
2017-01-27,-0.0006000000000000001
2017-01-30,-0.0001
2017-01-31,0.0
2017-02-01,0.0
2017-02-02,-0.0007
2017-02-03,9.999999999999994e-05
2017-02-06,9.999999999999999e-05
2017-02-07,0.00010000000000000002
2017-02-08,0.0001
2017-02-09,0.0001
2017-02-10,0.0
2017-02-13,0.0
2017-02-14,0.0
2017-02-15,0.0007
2017-02-16,0.0006000000000000001
2017-02-17,0.0005
2017-02-21,0.0001
2017-02-22,0.0
2017-02-23,0.0
2017-02-24,0.0
2017-02-27,-0.0011
2017-02-28,-0.0016
2017-03-01,-0.0013000000000000002
2017-03-02,-0.001
2017-03-03,-0.0007
2017-03-06,-0.0001
2017-03-07,0.0
2017-03-08,0.0
2017-03-09,0.0
2017-03-10,0.0007
2017-03-13,0.0004
2017-03-14,0.00030000000000000003
2017-03-15,0.0002
2017-03-16,0.0001
2017-03-17,0.0
2017-03-20,0.0
2017-03-21,0.0
2017-03-22,0.0
2017-03-23,0.0
2017-03-24,0.0
2017-03-27,-0.0005
2017-03-28,-0.0004
2017-03-29,-0.00030000000000000003
2017-03-30,-0.0002
2017-03-31,-0.0001
2017-04-03,0.0
2017-04-04,0.0
2017-04-05,0.0
2017-04-06,0.0
2017-04-07,0.0
2017-04-10,0.0
2017-04-11,0.0
2017-04-12,-0.0007
2017-04-13,-0.0006000000000000001
2017-04-17,0.00030000000000000003
2017-04-18,0.00030000000000000003
2017-04-19,0.00030000000000000003
2017-04-20,-0.0005
2017-04-21,-0.0005
2017-04-24,-0.0009000000000000001
2017-04-25,-0.0007
2017-04-26,-0.0005
2017-04-27,-0.00030000000000000003
2017-04-28,-0.0002
2017-05-01,0.0007
2017-05-02,0.0006000000000000001
2017-05-03,0.0005
2017-05-04,-0.001
2017-05-05,-0.0009000000000000001
2017-05-08,-0.0007000000000000001
2017-05-09,-0.0005
2017-05-10,-0.0003
2017-05-11,-0.0022
2017-05-12,-0.0019000000000000002
2017-05-15,-0.0004000000000000001
2017-05-16,-0.0002
2017-05-17,1.3552527156068805e-20
2017-05-18,0.0002
2017-05-19,0.0001
2017-05-22,0.0
2017-05-23,-0.0007
2017-05-24,9.999999999999994e-05
2017-05-25,0.00010000000000000005
2017-05-26,9.999999999999999e-05
2017-05-30,0.0001
2017-05-31,-0.0007
2017-06-01,-0.0006000000000000001
2017-06-02,-0.0005
2017-06-05,-0.0008
2017-06-06,-0.0006000000000000001
2017-06-07,-0.0004
2017-06-08,0.00039999999999999996
2017-06-09,0.0004000000000000001
2017-06-12,-0.0008
2017-06-13,-0.0014000000000000002
2017-06-14,-0.0012000000000000001
2017-06-15,-0.001
2017-06-16,-0.0007
2017-06-19,-0.0001
2017-06-20,0.0
2017-06-21,0.0
2017-06-22,0.0
2017-06-23,0.0
2017-06-26,0.0
2017-06-27,0.0
2017-06-28,-0.0007
2017-06-29,-0.0006000000000000001
2017-06-30,-0.0012000000000000001
2017-07-03,-0.0006000000000000001
2017-07-05,0.0005
2017-07-06,0.0012000000000000001
2017-07-07,0.0011
2017-07-10,0.001
2017-07-11,0.0007000000000000001
2017-07-12,0.0004
2017-07-13,0.0002
2017-07-14,0.0001
2017-07-17,0.0
2017-07-18,0.0
2017-07-19,-0.0007
2017-07-20,-0.0013
2017-07-21,-0.0011
2017-07-24,-0.0011
2017-07-25,-0.0008
2017-07-26,-0.0005
2017-07-27,0.00039999999999999996
2017-07-28,0.0004000000000000001
2017-07-31,-0.001
2017-08-01,-0.0023
2017-08-02,-0.0013000000000000002
2017-08-03,-0.0011
2017-08-04,-9.999999999999999e-05
2017-08-07,0.0004
2017-08-08,0.0004
2017-08-09,0.0002
2017-08-10,-0.0006
2017-08-11,-0.0006000000000000001
2017-08-14,-0.0008
2017-08-15,-0.0006000000000000001
2017-08-16,-0.0004
2017-08-17,-0.0002
2017-08-18,-0.0001
2017-08-21,0.0
2017-08-22,0.0
2017-08-23,0.0
2017-08-24,0.0
2017-08-25,-0.0007
2017-08-28,-0.0009
2017-08-29,-0.0007000000000000001
2017-08-30,-0.0005
2017-08-31,0.00039999999999999996
2017-09-01,0.0005
2017-09-05,-0.00030000000000000003
2017-09-06,-0.001
2017-09-07,-0.0016
2017-09-08,-0.0013
2017-09-11,0.00019999999999999998
2017-09-12,0.00030000000000000003
2017-09-13,0.0018
2017-09-14,0.0016
2017-09-15,0.0013
2017-09-18,0.0004
2017-09-19,0.0002
2017-09-20,0.0007
2017-09-21,0.0013
2017-09-22,0.0011
2017-09-25,0.0005
2017-09-26,0.00030000000000000003
2017-09-27,9.999999999999999e-05
2017-09-28,0.0
2017-09-29,0.0007
2017-10-02,0.0004
2017-10-03,0.00030000000000000003
2017-10-04,0.0002
2017-10-05,0.0001
2017-10-06,0.0
2017-10-09,0.0
2017-10-10,0.0
2017-10-11,0.0
2017-10-12,-0.0007
2017-10-13,-0.0013
2017-10-16,-0.0012000000000000001
2017-10-17,-0.0015999999999999999
2017-10-18,-0.0005
2017-10-19,-0.0002000000000000001
2017-10-20,0.0
2017-10-23,0.00010000000000000002
2017-10-24,0.0001
2017-10-25,0.0
2017-10-26,-0.0007
2017-10-27,-0.0006000000000000001
2017-10-30,-0.00030000000000000003
2017-10-31,-0.0002
2017-11-01,-0.0001
2017-11-02,0.0
2017-11-03,0.0
2017-11-06,0.0
2017-11-07,0.0007
2017-11-08,0.0006000000000000001
2017-11-09,0.0012000000000000001
2017-11-10,0.001
2017-11-13,-0.0008
2017-11-14,-0.0021999999999999997
2017-11-15,-0.0019000000000000002
2017-11-16,-0.0016
2017-11-17,-0.0012000000000000001
2017-11-20,-0.0007000000000000001
2017-11-21,-0.0004
2017-11-22,-0.001
2017-11-24,-0.0006000000000000001
2017-11-27,-0.0002
2017-11-28,-0.0001
2017-11-29,-0.0007
2017-11-30,-0.0006000000000000001
2017-12-01,-0.0005
2017-12-04,-0.0002
2017-12-05,-0.0001
2017-12-06,0.0
2017-12-07,0.0007
2017-12-08,0.0006000000000000001
2017-12-11,0.00030000000000000003
2017-12-12,0.0002
2017-12-13,0.0001
2017-12-14,0.0
2017-12-15,0.0
2017-12-18,0.0005
2017-12-19,0.0004
2017-12-20,0.00030000000000000003
2017-12-21,-0.0005
2017-12-22,-0.0005
2017-12-26,-0.0002
2017-12-27,-0.0001
2017-12-28,0.0
2017-12-29,0.0
2018-01-02,-0.0004
2018-01-03,-0.001
2018-01-04,-0.0008
2018-01-05,-0.0013
2018-01-08,-0.0006000000000000001
2018-01-09,-0.0011
2018-01-10,-0.0015
2018-01-11,-0.0005000000000000001
2018-01-12,-0.0003
2018-01-16,0.0005
2018-01-17,0.0004
2018-01-18,0.0002
2018-01-19,0.0001
2018-01-22,0.0005
2018-01-23,0.0004
2018-01-24,0.00030000000000000003
2018-01-25,0.0009
2018-01-26,0.0007000000000000001
2018-01-29,0.00030000000000000003
2018-01-30,0.0002
2018-01-31,0.0001
2018-02-01,-0.0014
2018-02-02,-0.0012000000000000001
2018-02-05,-0.00010000000000000005
2018-02-06,0.0
2018-02-07,-0.0006000000000000001
2018-02-08,-0.0004000000000000001
2018-02-09,-0.0004
2018-02-12,-0.0002
2018-02-13,-0.0001
2018-02-14,0.0
2018-02-15,0.0
2018-02-16,0.0
2018-02-20,0.0
2018-02-21,0.0
2018-02-22,0.0
2018-02-23,0.0
2018-02-26,0.0
2018-02-27,0.0
2018-02-28,-0.0007
2018-03-01,-0.0006000000000000001
2018-03-02,-0.0005
2018-03-05,-0.0002
2018-03-06,-0.0001
2018-03-07,0.0007
2018-03-08,0.0006000000000000001
2018-03-09,0.0005
2018-03-12,0.0002
2018-03-13,0.0001
2018-03-14,0.0
2018-03-15,0.0
2018-03-16,0.0
2018-03-19,0.0
2018-03-20,-0.0007
2018-03-21,-0.0006000000000000001
2018-03-22,-0.0005
2018-03-23,-0.0004
2018-03-26,0.0005
2018-03-27,0.0012000000000000001
2018-03-28,0.001
2018-03-29,0.0008
2018-04-02,-0.0007999999999999999
2018-04-03,-0.0008000000000000001
2018-04-04,-0.0007
2018-04-05,-0.0006000000000000001
2018-04-06,-0.0005
2018-04-09,0.0
2018-04-10,0.0
2018-04-11,0.0
2018-04-12,0.0
2018-04-13,0.0
2018-04-16,-0.0005
2018-04-17,-0.0004
2018-04-18,-0.00030000000000000003
2018-04-19,-0.0009
2018-04-20,-0.0007000000000000001
2018-04-23,-0.00030000000000000003
2018-04-24,-0.0009
2018-04-25,-0.0007000000000000001
2018-04-26,-0.0005
2018-04-27,-0.0004
2018-04-30,-0.0001
2018-05-01,0.0
2018-05-02,0.0
2018-05-03,0.0
2018-05-04,0.0006999999999999999
2018-05-07,0.001
2018-05-08,0.0008
2018-05-09,0.0006000000000000001
2018-05-10,0.0004
2018-05-11,0.0002
2018-05-14,0.0
2018-05-15,0.0
2018-05-16,0.0
2018-05-17,0.0
2018-05-18,0.0
2018-05-21,0.0
2018-05-22,0.0
2018-05-23,0.0
2018-05-24,0.0007
2018-05-25,0.0006000000000000001
2018-05-29,0.0002
2018-05-30,0.0001
2018-05-31,0.0
2018-06-01,-0.0007
2018-06-04,9.999999999999999e-05
2018-06-05,-0.0006000000000000001
2018-06-06,-0.0012000000000000001
2018-06-07,-0.00030000000000000014
2018-06-08,-0.00019999999999999998
2018-06-11,2.710505431213761e-20
2018-06-12,0.0001
2018-06-13,0.0001
2018-06-14,0.0
2018-06-15,0.0
2018-06-18,0.0005
2018-06-19,0.0004
2018-06-20,-0.00039999999999999996
2018-06-21,-0.0004000000000000001
2018-06-22,-0.0004
2018-06-25,-0.0002
2018-06-26,-0.0001
2018-06-27,0.0
2018-06-28,0.0
2018-06-29,0.0
2018-07-02,0.0
2018-07-03,0.0
2018-07-05,0.0
2018-07-06,0.0007
2018-07-09,0.0004
2018-07-10,0.00030000000000000003
2018-07-11,0.0002
2018-07-12,0.0001
2018-07-13,0.0
2018-07-16,-0.0006000000000000001
2018-07-17,-0.0005
2018-07-18,-0.0004
2018-07-19,-0.00030000000000000003
2018-07-20,-0.0002
2018-07-23,0.0
2018-07-24,0.0
2018-07-25,0.0
2018-07-26,0.0
2018-07-27,0.0
2018-07-30,0.0
2018-07-31,0.0
2018-08-01,0.0007
2018-08-02,0.0006000000000000001
2018-08-03,0.0019
2018-08-06,0.0005
2018-08-07,-0.0003999999999999999
2018-08-08,-0.0019000000000000002
2018-08-09,-0.0024000000000000002
2018-08-10,-0.0021000000000000003
2018-08-13,-0.0008
2018-08-14,-0.0011
2018-08-15,-0.0014
2018-08-16,-0.0011
2018-08-17,-0.0009
2018-08-20,-0.00030000000000000003
2018-08-21,-0.0001
2018-08-22,0.0
2018-08-23,0.0
2018-08-24,-0.0014
2018-08-27,-0.0008
2018-08-28,-0.0006000000000000001
2018-08-29,-0.0004
2018-08-30,-0.0002
2018-08-31,0.0
2018-09-04,0.0
2018-09-05,0.0
2018-09-06,0.0
2018-09-07,0.0007
2018-09-10,0.0005
2018-09-11,0.0004000000000000001
2018-09-12,0.00030000000000000003
2018-09-13,0.00019999999999999998
2018-09-14,0.00010000000000000005
2018-09-17,0.0005
2018-09-18,0.0004
2018-09-19,0.001
2018-09-20,0.0015
2018-09-21,0.0012000000000000001
2018-09-24,-0.00019999999999999996
2018-09-25,0.0003999999999999999
2018-09-26,-0.0005
2018-09-27,0.00019999999999999998
2018-09-28,0.00020000000000000004
2018-10-01,0.0007000000000000001
2018-10-02,0.0005
2018-10-03,0.0004
2018-10-04,0.0009
2018-10-05,0.0007000000000000001
2018-10-08,-0.00019999999999999998
2018-10-09,-0.0009000000000000001
2018-10-10,-0.0008
2018-10-11,-0.0007
2018-10-12,-0.0005
2018-10-15,-0.0006000000000000001
2018-10-16,-0.0004
2018-10-17,-0.00030000000000000003
2018-10-18,-0.0002
2018-10-19,-0.0001
2018-10-22,0.0
2018-10-23,0.0
2018-10-24,0.0007
2018-10-25,0.0006000000000000001
2018-10-26,0.0005
2018-10-29,0.0002
2018-10-30,0.0001
2018-10-31,0.0007
2018-11-01,0.0013
2018-11-02,0.0018
2018-11-05,0.0004000000000000001
2018-11-06,0.00020000000000000004
2018-11-07,-2.710505431213761e-20
2018-11-08,-0.0001
2018-11-09,-0.0001
2018-11-12,0.0
2018-11-13,-0.0007
2018-11-14,-0.0006000000000000001
2018-11-15,-0.0005
2018-11-16,-0.0004
2018-11-19,-0.0001
2018-11-20,-0.0007
2018-11-21,-0.0027
2018-11-23,-0.0019
2018-11-26,-0.0007000000000000001
2018-11-27,0.00039999999999999996
2018-11-28,-9.999999999999994e-05
2018-11-29,-0.00010000000000000005
2018-11-30,-9.999999999999999e-05
2018-12-03,-0.0006
2018-12-04,-0.0005
2018-12-06,-0.0002
2018-12-07,-0.0001
2018-12-10,0.0
2018-12-11,-0.0007
2018-12-12,-0.0006000000000000001
2018-12-13,-0.0005
2018-12-14,0.001
2018-12-17,0.0006
2018-12-18,0.0005
2018-12-19,-0.0004
2018-12-20,-0.0005000000000000001
2018-12-21,-0.0013
2018-12-24,-0.0006000000000000001
2018-12-26,-0.0002
2018-12-27,-0.0001
2018-12-28,0.0
2018-12-31,0.0
2019-01-02,-0.0007
2019-01-03,-0.0013
2019-01-04,-0.0025
2019-01-07,-0.0029000000000000002
2019-01-08,-0.0022
2019-01-09,-0.0015
2019-01-10,-0.0009
2019-01-11,-0.0004
2019-01-14,-0.0005
2019-01-15,-0.0004
2019-01-16,-0.001
2019-01-17,-0.0008
2019-01-18,-0.0006000000000000001
2019-01-22,-0.0001
2019-01-23,-0.0007
2019-01-24,-0.0006000000000000001
2019-01-25,-0.0005
2019-01-28,-0.0007
2019-01-29,-0.0012000000000000001
2019-01-30,-0.0023
2019-01-31,-0.0012000000000000001
2019-02-01,-0.0016
2019-02-04,-0.0013
2019-02-05,-0.0009000000000000001
2019-02-06,-0.0006000000000000001
2019-02-07,-0.0012000000000000001
2019-02-08,-0.0009
2019-02-11,0.00019999999999999998
2019-02-12,0.0002
2019-02-13,0.00020000000000000004
2019-02-14,-0.0012000000000000001
2019-02-15,-0.0011
2019-02-19,-0.00030000000000000003
2019-02-20,-0.0001
2019-02-21,0.00010000000000000002
2019-02-22,0.0001
2019-02-25,0.0
2019-02-26,0.0
2019-02-27,0.0
2019-02-28,0.0
2019-03-01,0.0
2019-03-04,0.0
2019-03-05,0.0
2019-03-06,0.0
2019-03-07,-0.0007
2019-03-08,-0.0006000000000000001
2019-03-11,-0.0008
2019-03-12,-0.0006000000000000001
2019-03-13,-0.0004
2019-03-14,-0.0015999999999999999
2019-03-15,-0.0013000000000000002
2019-03-18,-0.0008
2019-03-19,-0.0006000000000000001
2019-03-20,-0.0004
2019-03-21,-0.0002
2019-03-22,-0.00020000000000000004
2019-03-25,0.0
2019-03-26,-0.0007
2019-03-27,-0.0013
2019-03-28,-0.0011
2019-03-29,-0.0009
2019-04-01,-0.0009000000000000001
2019-04-02,-0.0006000000000000001
2019-04-03,-0.0004
2019-04-04,-0.001
2019-04-05,-0.0008
2019-04-08,-0.0004000000000000001
2019-04-09,-0.00030000000000000003
2019-04-10,-0.00019999999999999998
2019-04-11,0.0006
2019-04-12,0.0005000000000000001
2019-04-15,-0.0009000000000000001
2019-04-16,-0.0008
2019-04-17,-0.0007000000000000001
2019-04-18,9.999999999999994e-05
2019-04-22,0.00030000000000000003
2019-04-23,0.0002
2019-04-24,-0.0006
2019-04-25,-0.0006000000000000001
2019-04-26,0.00019999999999999998
2019-04-29,-0.0004000000000000001
2019-04-30,-0.0003
2019-05-01,-0.0009
2019-05-02,-0.0008000000000000001
2019-05-03,-0.0021
2019-05-06,-0.001
2019-05-07,-0.0007000000000000001
2019-05-08,-0.0011
2019-05-09,-0.0008000000000000001
2019-05-10,-0.0005
2019-05-13,-0.0002
2019-05-14,0.0006
2019-05-15,0.0006000000000000001
2019-05-16,0.0005
2019-05-17,0.0004
2019-05-20,0.0001
2019-05-21,0.0
2019-05-22,-0.0007
2019-05-23,-0.0013
2019-05-24,-0.0011
2019-05-28,-0.00030000000000000003
2019-05-29,-0.0001
2019-05-30,0.0
2019-05-31,0.0
2019-06-03,-0.0005
2019-06-04,-0.0025
2019-06-05,-0.0021000000000000003
2019-06-06,-0.0017
2019-06-07,-0.0013
2019-06-10,-0.0008000000000000001
2019-06-11,-0.0011
2019-06-12,-0.0009000000000000001
2019-06-13,-0.0007
2019-06-14,-0.0012000000000000001
2019-06-17,-0.0005
2019-06-18,-0.00030000000000000003
2019-06-19,-0.0002
2019-06-20,-0.0001
2019-06-21,-0.0007
2019-06-24,-0.0004
2019-06-25,-0.00030000000000000003
2019-06-26,-0.0002
2019-06-27,-0.0001
2019-06-28,-0.0007
2019-07-01,-0.0004
2019-07-02,-0.00030000000000000003
2019-07-03,-0.0002
2019-07-05,0.0
2019-07-08,0.0
2019-07-09,0.0
2019-07-10,0.0
2019-07-11,0.0
2019-07-12,0.0
2019-07-15,0.0
2019-07-16,-0.0007
2019-07-17,-0.0006000000000000001
2019-07-18,-0.0019000000000000002
2019-07-19,-0.0016
2019-07-22,-0.0007000000000000001
2019-07-23,-0.0004
2019-07-24,-0.0009000000000000001
2019-07-25,-0.0006000000000000001
2019-07-26,0.00019999999999999998
2019-07-29,-0.00030000000000000003
2019-07-30,-0.00019999999999999998
2019-07-31,-0.0015
2019-08-01,-0.0013000000000000002
2019-08-02,-0.0011
2019-08-05,-0.0004
2019-08-06,0.0004999999999999999
2019-08-07,0.0006000000000000001
2019-08-08,0.0005
2019-08-09,0.0004
2019-08-12,0.0006000000000000001
2019-08-13,-0.0003
2019-08-14,-0.00030000000000000003
2019-08-15,-0.00030000000000000003
2019-08-16,-0.00030000000000000003
2019-08-19,-0.0001
2019-08-20,0.0
2019-08-21,0.0
2019-08-22,0.0
2019-08-23,0.0007
2019-08-26,0.0009
2019-08-27,5.421010862427522e-20
2019-08-28,-0.00010000000000000002
2019-08-29,0.0005
2019-08-30,0.00030000000000000003
2019-09-03,0.0002
2019-09-04,0.0001
2019-09-05,0.0
2019-09-06,0.0
2019-09-09,-0.001
2019-09-10,-0.0008
2019-09-11,9.999999999999994e-05
2019-09-12,0.00020000000000000006
2019-09-13,0.00030000000000000003
2019-09-16,-0.0005
2019-09-17,-0.0005
2019-09-18,0.00019999999999999998
2019-09-19,0.00020000000000000004
2019-09-20,0.00019999999999999998
2019-09-23,0.0002
2019-09-24,0.0008
2019-09-25,0.0006000000000000001
2019-09-26,0.0005
2019-09-27,0.0004
2019-09-30,0.0001
2019-10-01,0.0
2019-10-02,0.0
2019-10-03,0.0
2019-10-04,0.0
2019-10-07,0.0
2019-10-08,0.0
2019-10-09,0.0007
2019-10-10,-9.999999999999994e-05
2019-10-11,-0.0008
2019-10-14,-0.0005
2019-10-15,-0.0004
2019-10-16,0.00039999999999999996
2019-10-17,0.0012
2019-10-18,0.0011
2019-10-21,0.0
2019-10-22,-0.00010000000000000002
2019-10-23,-0.0009
2019-10-24,-0.0008
2019-10-25,9.999999999999994e-05
2019-10-28,0.0002
2019-10-29,0.00020000000000000004
2019-10-30,0.0002
2019-10-31,-0.0006
2019-11-01,-0.0013
2019-11-04,-9.999999999999999e-05
2019-11-05,0.0007
2019-11-06,0.0007000000000000001
2019-11-07,5.421010862427522e-20
2019-11-08,-2.710505431213761e-20
2019-11-11,-0.00020000000000000004
2019-11-12,-0.0009
2019-11-13,-0.0007000000000000001
2019-11-14,-0.0005
2019-11-15,0.0003
2019-11-18,-0.0007000000000000001
2019-11-19,0.00019999999999999998
2019-11-20,-0.0005
2019-11-21,-0.0004
2019-11-22,-0.0024000000000000002
2019-11-25,-0.0023000000000000004
2019-11-26,-0.0025
2019-11-27,-0.0018
2019-11-29,-0.0013000000000000002
2019-12-02,-0.0011
2019-12-03,-0.0008
2019-12-04,-0.0006000000000000001
2019-12-05,-0.0004
2019-12-06,-0.0002
2019-12-09,-0.0012000000000000001
2019-12-10,-0.001
2019-12-11,-0.0015
2019-12-12,-0.0005000000000000001
2019-12-13,-0.0003
2019-12-16,0.00010000000000000002
2019-12-17,-0.0006
2019-12-18,-0.0005
2019-12-19,0.00019999999999999998
2019-12-20,0.00020000000000000004
2019-12-23,-0.0005
2019-12-24,-0.0004000000000000001
2019-12-26,-0.001
2019-12-27,-0.00010000000000000005
2019-12-30,0.0002
2019-12-31,-0.0005
2020-01-02,-0.0004
2020-01-03,-0.0004
2020-01-06,0.0006
2020-01-07,0.0006000000000000001
2020-01-08,0.0005
2020-01-09,0.0004
2020-01-10,0.00030000000000000003
2020-01-13,0.0
2020-01-14,-0.0007
2020-01-15,-0.0013
2020-01-16,-0.0011
2020-01-17,-0.0009
2020-01-21,-0.0009
2020-01-22,-0.0006000000000000001
2020-01-23,-0.0004
2020-01-24,-0.0002
2020-01-27,0.0
2020-01-28,0.0
2020-01-29,0.0007
2020-01-30,-9.999999999999994e-05
2020-01-31,-0.00010000000000000005
2020-02-03,-0.00010000000000000002
2020-02-04,-0.0007999999999999999
2020-02-05,-0.0014
2020-02-06,-0.0011
2020-02-07,-0.0009
2020-02-10,-0.0013
2020-02-11,-0.0016
2020-02-12,-0.0019000000000000002
2020-02-13,-0.0015
2020-02-14,-0.0011
2020-02-18,-0.0021
2020-02-19,-0.0017000000000000001
2020-02-20,-0.0021000000000000003
2020-02-21,-0.0017000000000000001
2020-02-24,-0.001
2020-02-25,-0.0006000000000000001
2020-02-26,-0.0004
2020-02-27,-0.0002
2020-02-28,-0.0008
2020-03-02,-0.0004
2020-03-03,0.00039999999999999996
2020-03-04,0.0004000000000000001
2020-03-05,0.0004
2020-03-06,0.0004
2020-03-09,0.0001
2020-03-10,0.0
2020-03-11,0.0
2020-03-12,0.0
2020-03-13,0.0
2020-03-16,-0.0006000000000000001
2020-03-17,-0.0012000000000000001
2020-03-18,-0.001
2020-03-19,-0.0008
2020-03-20,-0.0006000000000000001
2020-03-23,-0.0001
2020-03-24,0.0007
2020-03-25,0.0006000000000000001
2020-03-26,0.0005
2020-03-27,0.0004
2020-03-30,0.0001
2020-03-31,0.0
2020-04-01,0.0
2020-04-02,0.0
2020-04-03,0.0
2020-04-06,0.0
2020-04-07,0.0
2020-04-08,0.0
2020-04-09,0.0
2020-04-13,0.0005
2020-04-14,0.0004
2020-04-15,0.00030000000000000003
2020-04-16,0.0002
2020-04-17,0.0001
2020-04-20,0.0
2020-04-21,0.0
2020-04-22,0.0
2020-04-23,0.0
2020-04-24,0.0
2020-04-27,0.0
2020-04-28,0.0
2020-04-29,0.0
2020-04-30,-0.0007
2020-05-01,9.999999999999994e-05
2020-05-04,0.0006000000000000001
2020-05-05,0.0005
2020-05-06,0.0004
2020-05-07,0.001
2020-05-08,1.0842021724855044e-19
2020-05-11,-9.999999999999999e-05
2020-05-12,-0.00010000000000000002
2020-05-13,-0.0001
2020-05-14,-0.0001
2020-05-15,0.0
2020-05-18,0.0
2020-05-19,0.0
2020-05-20,0.0
2020-05-21,0.0
2020-05-22,0.0
2020-05-26,0.0
2020-05-27,0.0
2020-05-28,0.0
2020-05-29,0.0
2020-06-01,0.0
2020-06-02,0.0
2020-06-03,0.0
2020-06-04,0.0
2020-06-05,0.0
2020-06-08,0.0
2020-06-09,0.0
2020-06-10,0.0
2020-06-11,0.0
2020-06-12,0.0
2020-06-15,-0.0011
2020-06-16,-0.0009
2020-06-17,-0.0007
2020-06-18,-0.0012
2020-06-19,-0.0009
2020-06-22,-0.0008
2020-06-23,-0.0006000000000000002
2020-06-24,0.0003
2020-06-25,0.0004
2020-06-26,0.0004
2020-06-29,0.0002
2020-06-30,-0.0006
2020-07-01,-0.0006000000000000001
2020-07-02,-0.0005
2020-07-06,-0.0001
2020-07-07,0.0
2020-07-08,0.0
2020-07-09,0.0
2020-07-10,0.0
2020-07-13,0.0
2020-07-14,0.0
2020-07-15,0.0
2020-07-16,0.0007
2020-07-17,-9.999999999999994e-05
2020-07-20,-9.999999999999999e-05
2020-07-21,-0.00010000000000000002
2020-07-22,-0.0015
2020-07-23,-0.0013000000000000002
2020-07-24,-0.001
2020-07-27,-0.0004
2020-07-28,-0.0002
2020-07-29,-0.0014
2020-07-30,-0.0019000000000000002
2020-07-31,-0.0016
2020-08-03,-0.0012000000000000001
2020-08-04,-0.0008
2020-08-05,-0.0004
2020-08-06,-0.0002
2020-08-07,-0.0001
2020-08-10,0.0011
2020-08-11,0.0016
2020-08-12,0.0013000000000000002
2020-08-13,0.001
2020-08-14,0.0007
2020-08-17,-0.0009
2020-08-18,-0.0008
2020-08-19,9.999999999999994e-05
2020-08-20,0.0016
2020-08-21,0.0015
2020-08-24,0.0008
2020-08-25,0.0005
2020-08-26,0.0002
2020-08-27,0.0
2020-08-28,0.0
2020-08-31,0.0
2020-09-01,0.0007
2020-09-02,0.0013
2020-09-03,0.0011
2020-09-04,0.00020000000000000004
2020-09-08,-0.0006000000000000001
2020-09-09,-0.0005
2020-09-10,-0.00030000000000000003
2020-09-11,-0.0001
2020-09-14,-0.0005
2020-09-15,-0.0004
2020-09-16,-0.00030000000000000003
2020-09-17,-0.0009
2020-09-18,-0.0007000000000000001
2020-09-21,-0.00030000000000000003
2020-09-22,-0.0002
2020-09-23,-0.0001
2020-09-24,0.0
2020-09-25,0.0
2020-09-28,0.0
2020-09-29,-0.0014
2020-09-30,-0.0012000000000000001
2020-10-01,-0.001
2020-10-02,-0.0008
2020-10-05,-0.0002
2020-10-06,0.0
2020-10-07,-0.0021
2020-10-08,-0.0025
2020-10-09,-0.0021000000000000003
2020-10-12,-0.0009000000000000001
2020-10-13,-0.0005
2020-10-14,-0.0001
2020-10-15,0.0
2020-10-16,0.0
2020-10-19,0.0
2020-10-20,0.0
2020-10-21,0.0007
2020-10-22,0.0006
2020-10-23,0.0005
2020-10-26,0.0007
2020-10-27,0.0005000000000000001
2020-10-28,0.00030000000000000003
2020-10-29,0.0002
2020-10-30,0.0015
2020-11-02,0.0008
2020-11-03,0.0006000000000000001
2020-11-04,0.0004
2020-11-05,0.0002
2020-11-06,0.0
2020-11-09,0.0
2020-11-10,-0.0007
2020-11-11,9.999999999999994e-05
2020-11-12,0.00010000000000000005
2020-11-13,9.999999999999999e-05
2020-11-16,0.0001
2020-11-17,0.0001
2020-11-18,0.0
2020-11-19,-0.0007
2020-11-20,-0.0006000000000000001
2020-11-23,-0.00030000000000000003
2020-11-24,-0.0002
2020-11-25,-0.0001
2020-11-27,0.0
2020-11-30,0.0
2020-12-01,0.0
2020-12-02,0.0
2020-12-03,0.0
2020-12-04,0.0
2020-12-07,0.0
2020-12-08,0.0
2020-12-09,0.0
2020-12-10,-0.0007
2020-12-11,-0.0006000000000000001
2020-12-14,-0.001
2020-12-15,-0.0015
2020-12-16,-0.0019000000000000002
2020-12-17,-0.0022
2020-12-18,-0.0025
2020-12-21,-0.001
2020-12-22,-0.0006000000000000001
2020-12-23,-0.00030000000000000003
2020-12-24,-0.0008
2020-12-28,-0.00030000000000000003
2020-12-29,-0.0002
2020-12-30,-0.0001
2020-12-31,0.0
2021-01-04,0.0
2021-01-05,0.0
2021-01-06,0.0
2021-01-07,0.0
2021-01-08,0.0
2021-01-11,-0.0013
2021-01-12,-0.0011
2021-01-13,-0.0009
2021-01-14,-5.421010862427522e-20
2021-01-15,0.00010000000000000005
2021-01-19,0.0002
2021-01-20,0.0001
2021-01-21,0.0
2021-01-22,0.0
2021-01-25,0.0
2021-01-26,0.0
2021-01-27,0.0
2021-01-28,0.0
2021-01-29,-0.0007
2021-02-01,-0.0004
2021-02-02,-0.00030000000000000003
2021-02-03,-0.0002
2021-02-04,-0.0001
2021-02-05,0.0
2021-02-08,0.0
2021-02-09,0.0
2021-02-10,0.0
2021-02-11,0.0
2021-02-12,0.0
2021-02-16,-0.0006000000000000001
2021-02-17,-0.0005
2021-02-18,-0.0004
2021-02-19,-0.00030000000000000003
2021-02-22,0.0
2021-02-23,0.0
2021-02-24,0.0
2021-02-25,0.0
2021-02-26,0.0
2021-03-01,0.0
2021-03-02,0.0
2021-03-03,0.0
2021-03-04,0.0
2021-03-05,-0.0007
2021-03-08,-0.0004
2021-03-09,-0.00030000000000000003
2021-03-10,-0.0002
2021-03-11,-0.0001
2021-03-12,0.0
2021-03-15,0.0
2021-03-16,0.0
2021-03-17,0.0
2021-03-18,0.0
2021-03-19,0.0
2021-03-22,0.0
2021-03-23,0.0
2021-03-24,0.0
2021-03-25,0.0
2021-03-26,0.0
2021-03-29,0.0
2021-03-30,0.0
2021-03-31,0.0
2021-04-01,0.0007
2021-04-05,0.00030000000000000003
2021-04-06,0.0009
2021-04-07,0.0007000000000000001
2021-04-08,0.0005
2021-04-09,0.0004
2021-04-12,0.0001
2021-04-13,0.0
2021-04-14,0.0
2021-04-15,0.0
2021-04-16,0.0
2021-04-19,0.0
2021-04-20,0.0
2021-04-21,0.0
2021-04-22,0.0
2021-04-23,-0.0007000000000000001
2021-04-26,-0.0004000000000000001
2021-04-27,-0.001
2021-04-28,-0.0008
2021-04-29,0.0007999999999999999
2021-04-30,0.0015000000000000002
2021-05-03,-0.0008
2021-05-04,-0.0007000000000000001
2021-05-05,-0.0007000000000000001
2021-05-06,-0.0007
2021-05-07,-0.0005
2021-05-10,0.0
2021-05-11,0.0
2021-05-12,0.0
2021-05-13,0.0
2021-05-14,0.0
2021-05-17,0.0005
2021-05-18,-0.0003
2021-05-19,-0.00030000000000000003
2021-05-20,-0.00030000000000000003
2021-05-21,-0.001
2021-05-24,-0.0005
2021-05-25,-0.00030000000000000003
2021-05-26,-0.0009
2021-05-27,-0.0014000000000000002
2021-05-28,-0.0025
2021-06-01,-0.0009000000000000001
2021-06-02,-0.0005
2021-06-03,-0.0002
2021-06-04,0.0
2021-06-07,0.0
2021-06-08,-0.0007
2021-06-09,-0.0006000000000000001
2021-06-10,-0.0005
2021-06-11,-0.0004
2021-06-14,-0.0006000000000000001
2021-06-15,0.0003
2021-06-16,0.00030000000000000003
2021-06-17,-0.00039999999999999996
2021-06-18,-0.001
2021-06-21,-0.0006000000000000001
2021-06-22,-0.0005
2021-06-23,0.00039999999999999996
2021-06-24,0.0005
2021-06-25,0.0012000000000000001
2021-06-28,0.0006000000000000001
2021-06-29,0.0004
2021-06-30,0.0023
2021-07-01,0.0019000000000000002
2021-07-02,0.0015
2021-07-06,0.00030000000000000003
2021-07-07,0.0
2021-07-08,0.0
2021-07-09,0.0
2021-07-12,0.0
2021-07-13,0.0
2021-07-14,0.0
2021-07-15,0.0
2021-07-16,0.0
2021-07-19,0.0
2021-07-20,0.0
2021-07-21,0.0
2021-07-22,0.0
2021-07-23,0.0007
2021-07-26,-9.999999999999999e-05
2021-07-27,-9.999999999999999e-05
2021-07-28,0.0006
2021-07-29,0.0005000000000000001
2021-07-30,-0.00030000000000000003
2021-08-02,-0.0002
2021-08-03,-0.00020000000000000004
2021-08-04,-0.0002
2021-08-05,-0.0001
2021-08-06,0.0007
2021-08-09,0.0004
2021-08-10,0.00030000000000000003
2021-08-11,0.0002
2021-08-12,0.0001
2021-08-13,0.0
2021-08-16,0.0
2021-08-17,0.0
2021-08-18,0.0
2021-08-19,-0.0007
2021-08-20,-0.0013
2021-08-23,-0.0007000000000000001
2021-08-24,-0.0019000000000000002
2021-08-25,-0.0015
2021-08-26,-0.0011
2021-08-27,-0.0008
2021-08-30,0.0008
2021-08-31,0.0008
2021-09-01,0.0006000000000000001
2021-09-02,0.0004
2021-09-03,-0.0004999999999999999
2021-09-07,-0.0007000000000000001
2021-09-08,-0.0005
2021-09-09,-0.00030000000000000003
2021-09-10,-0.0001
2021-09-13,-0.0006000000000000001
2021-09-14,0.00019999999999999998
2021-09-15,0.00020000000000000004
2021-09-16,0.0002
2021-09-17,-0.0005
2021-09-20,-0.0018
2021-09-21,-0.0015
2021-09-22,-0.0004000000000000001
2021-09-23,-0.0007999999999999999
2021-09-24,-0.0011
2021-09-27,-0.0012000000000000001
2021-09-28,-0.001
2021-09-29,-0.0008
2021-09-30,-0.0005
2021-10-01,-0.00030000000000000003
2021-10-04,0.0
2021-10-05,0.0
2021-10-06,0.0
2021-10-07,0.0
2021-10-08,0.0
2021-10-11,0.0005
2021-10-12,0.0004
2021-10-13,0.00030000000000000003
2021-10-14,0.0002
2021-10-15,0.0001
2021-10-18,-0.001
2021-10-19,-0.0008
2021-10-20,-0.0006000000000000001
2021-10-21,-0.0010999999999999998
2021-10-22,-0.0015000000000000002
2021-10-25,-0.00019999999999999998
2021-10-26,-9.999999999999999e-05
2021-10-27,0.0
2021-10-28,0.0001
2021-10-29,0.0001
2021-11-01,-0.0005
2021-11-02,-0.0004
2021-11-03,-0.001
2021-11-04,-0.0008
2021-11-05,-0.0006000000000000001
2021-11-08,-0.0002
2021-11-09,-0.0001
2021-11-10,0.0
2021-11-11,0.0
2021-11-12,0.0
2021-11-15,-0.0005
2021-11-16,-0.0004
2021-11-17,-0.00030000000000000003
2021-11-18,0.0005
2021-11-19,0.0005
2021-11-22,0.00030000000000000003
2021-11-23,0.0002
2021-11-24,-0.0006
2021-11-26,-0.0005
2021-11-29,-0.0002
2021-11-30,-0.0001
2021-12-01,0.0
2021-12-02,0.0
2021-12-03,0.0
2021-12-06,0.0
2021-12-07,0.0
2021-12-08,0.0
2021-12-09,0.0
2021-12-10,0.0
2021-12-13,0.0
2021-12-14,0.0
2021-12-15,0.0
2021-12-16,0.0007
2021-12-17,0.0006000000000000001
2021-12-20,0.00030000000000000003
2021-12-21,0.0002
2021-12-22,0.0001
2021-12-23,0.0
2021-12-27,0.0
2021-12-28,-0.0007
2021-12-29,-0.0006000000000000001
2021-12-30,-0.0005
2021-12-31,-0.0011
2022-01-03,-0.0005
2022-01-04,0.00039999999999999996
2022-01-05,-0.0002999999999999999
2022-01-06,-0.00020000000000000004
2022-01-07,-9.999999999999999e-05
2022-01-10,-0.0001
2022-01-11,-0.0001
2022-01-12,0.0
2022-01-13,0.0
2022-01-14,0.0
2022-01-18,0.0
2022-01-19,0.0
2022-01-20,0.0
2022-01-21,-0.0007
2022-01-24,-0.0004
2022-01-25,-0.00030000000000000003
2022-01-26,-0.0009
2022-01-27,-0.0014000000000000002
2022-01-28,-0.0004000000000000001
2022-01-31,-0.00010000000000000002
2022-02-01,2.710505431213761e-20
2022-02-02,0.0001
2022-02-03,-0.0006
2022-02-04,-0.0013
2022-02-07,-0.00020000000000000004
2022-02-08,-0.00010000000000000002
2022-02-09,1.3552527156068805e-20
2022-02-10,0.0001
2022-02-11,0.0001
2022-02-14,0.0
2022-02-15,0.0
2022-02-16,0.0
2022-02-17,0.0
2022-02-18,0.0
2022-02-22,0.0
2022-02-23,0.0
2022-02-24,0.0
2022-02-25,0.0
2022-02-28,-0.0011
2022-03-01,-0.0009
2022-03-02,-0.0014000000000000002
2022-03-03,-0.0011
2022-03-04,-0.0008
2022-03-07,0.0004000000000000001
2022-03-08,0.0004
2022-03-09,0.0004
2022-03-10,-0.00039999999999999996
2022-03-11,-0.0004000000000000001
2022-03-14,-0.00019999999999999998
2022-03-15,-0.0008
2022-03-16,-0.0006000000000000001
2022-03-17,-0.00039999999999999996
2022-03-18,-0.00030000000000000003
2022-03-21,-0.0006000000000000001
2022-03-22,-0.0004
2022-03-23,-0.00030000000000000003
2022-03-24,-0.0002
2022-03-25,-0.0001
2022-03-28,0.0
2022-03-29,0.0
2022-03-30,0.0
2022-03-31,0.0
2022-04-01,-0.0007
2022-04-04,-0.0004
2022-04-05,-0.00030000000000000003
2022-04-06,-0.0002
2022-04-07,-0.0001
2022-04-08,0.0
2022-04-11,-0.0005
2022-04-12,-0.0004
2022-04-13,0.00039999999999999996
2022-04-14,-0.0002999999999999999
2022-04-18,-0.00010000000000000002
2022-04-19,-0.0001
2022-04-20,-0.0001
2022-04-21,0.0
2022-04-22,0.0
2022-04-25,-0.0005
2022-04-26,-0.0004
2022-04-27,-0.001
2022-04-28,-0.0008
2022-04-29,-0.0006000000000000001
2022-05-02,0.0005
2022-05-03,-0.00019999999999999998
2022-05-04,-0.00010000000000000005
2022-05-05,-9.999999999999999e-05
2022-05-06,-9.999999999999999e-05
2022-05-09,-0.0001
2022-05-10,0.0
2022-05-11,0.0
2022-05-12,0.0
2022-05-13,-0.0007
2022-05-16,-0.0004
2022-05-17,-0.00030000000000000003
2022-05-18,-0.0009
2022-05-19,-0.0007000000000000001
2022-05-20,-0.0005
2022-05-23,-0.0002
2022-05-24,-0.0008
2022-05-25,-0.0006000000000000001
2022-05-26,-0.0019
2022-05-27,-0.0016
2022-05-31,-0.0004
2022-06-01,-0.0002
2022-06-02,0.0
2022-06-03,0.0
2022-06-06,0.0
2022-06-07,0.0007
2022-06-08,0.0013
2022-06-09,0.0011
2022-06-10,0.0009
2022-06-13,0.00030000000000000003
2022-06-14,0.0001
2022-06-15,0.0
2022-06-16,0.0
2022-06-17,0.0
2022-06-21,0.0006000000000000001
2022-06-22,0.0005
2022-06-23,0.0004
2022-06-24,0.00030000000000000003
2022-06-27,0.0
2022-06-28,0.0
2022-06-29,0.0
2022-06-30,0.0
2022-07-01,0.0
2022-07-05,-0.0004
2022-07-06,-0.00030000000000000003
2022-07-07,-0.0002
2022-07-08,-0.0001
2022-07-11,0.0
2022-07-12,0.0
2022-07-13,-0.0007
2022-07-14,-0.0006000000000000001
2022-07-15,-0.0005
2022-07-18,-0.0002
2022-07-19,-0.0001
2022-07-20,0.0
2022-07-21,0.0007
2022-07-22,0.0006000000000000001
2022-07-25,0.001
2022-07-26,0.0008
2022-07-27,0.0006000000000000001
2022-07-28,-0.0003
2022-07-29,0.0011
2022-08-01,0.0005
2022-08-02,0.0011
2022-08-03,0.0009
2022-08-04,0.0007000000000000001
2022-08-05,0.0004
2022-08-08,-0.0004
2022-08-09,-0.0004
2022-08-10,-0.00030000000000000003
2022-08-11,0.0005
2022-08-12,0.0005
2022-08-15,0.00030000000000000003
2022-08-16,0.0002
2022-08-17,0.0001
2022-08-18,0.0
2022-08-19,0.0
2022-08-22,0.0
2022-08-23,0.0
2022-08-24,0.0
2022-08-25,0.0
2022-08-26,0.0
2022-08-29,0.0
2022-08-30,0.0
2022-08-31,0.0
2022-09-01,0.0
2022-09-02,0.0007
2022-09-06,0.00030000000000000003
2022-09-07,0.0016
2022-09-08,0.0026999999999999997
2022-09-09,0.0029
2022-09-12,0.0014000000000000002
2022-09-13,0.0009000000000000001
2022-09-14,0.0004
2022-09-15,0.0001
2022-09-16,0.0
2022-09-19,0.0
2022-09-20,0.0
2022-09-21,0.0
2022-09-22,0.0
2022-09-23,0.0
2022-09-26,0.0
2022-09-27,0.0
2022-09-28,0.0
2022-09-29,0.0
2022-09-30,0.0
2022-10-03,-0.0005
2022-10-04,-0.0004
2022-10-05,-0.001
2022-10-06,-0.0008
2022-10-07,-0.0006000000000000001
2022-10-10,-0.0002
2022-10-11,-0.0001
2022-10-12,0.0
2022-10-13,0.0007
2022-10-14,0.0006000000000000001
2022-10-17,0.00030000000000000003
2022-10-18,0.0002
2022-10-19,-0.0006
2022-10-20,-0.0006000000000000001
2022-10-21,-0.0005
2022-10-24,-0.0002
2022-10-25,-0.0001
2022-10-26,0.0
2022-10-27,-0.0007
2022-10-28,-0.0006000000000000001
2022-10-31,-0.0008
2022-11-01,-0.0006000000000000001
2022-11-02,-0.0004
2022-11-03,-0.0009
2022-11-04,-0.0007000000000000001
2022-11-07,-0.00030000000000000003
2022-11-08,-0.0009
2022-11-09,-0.0007000000000000001
2022-11-10,-0.0005
2022-11-11,-0.0004
2022-11-14,-0.0001
2022-11-15,0.0
2022-11-16,0.0
2022-11-17,0.0
2022-11-18,0.0
2022-11-21,0.0005
2022-11-22,0.0011
2022-11-23,0.0009000000000000001
2022-11-25,-0.0007999999999999999
2022-11-28,-0.0006000000000000001
2022-11-29,-0.0005
2022-11-30,-0.00030000000000000003
2022-12-01,-0.0008
2022-12-02,9.999999999999994e-05
2022-12-05,-0.0004
2022-12-06,-0.0017000000000000001
2022-12-07,-0.0021
2022-12-08,-0.0009999999999999998
2022-12-09,-0.0007999999999999999
2022-12-12,-9.999999999999998e-05
2022-12-13,0.0001
2022-12-14,0.0001
2022-12-15,-0.0007
2022-12-16,-0.0006000000000000001
2022-12-19,-0.00030000000000000003
2022-12-20,-0.0002
2022-12-21,-0.0001
2022-12-22,0.0
2022-12-23,0.0
2022-12-27,0.0
2022-12-28,0.0
2022-12-29,0.0
2022-12-30,0.0
2023-01-03,0.0
2023-01-04,0.0
2023-01-05,0.0
2023-01-06,0.0
2023-01-09,-0.0005
2023-01-10,-0.0004
2023-01-11,-0.00030000000000000003
2023-01-12,-0.0002
2023-01-13,-0.0008
2023-01-17,9.999999999999999e-05
2023-01-18,0.0008
2023-01-19,0.0007
2023-01-20,0.0006000000000000001
2023-01-23,0.0002
2023-01-24,0.0001
2023-01-25,-0.0007
2023-01-26,-0.0006000000000000001
2023-01-27,-0.0005
2023-01-30,-0.0002
2023-01-31,-0.0008
2023-02-01,-0.0013
2023-02-02,-0.0011
2023-02-03,-0.003
2023-02-06,-0.0025
2023-02-07,-0.0018
2023-02-08,-0.0012000000000000001
2023-02-09,-0.0007000000000000001
2023-02-10,-0.00020000000000000004
2023-02-13,0.0
2023-02-14,0.0
2023-02-15,0.0
2023-02-16,0.0
2023-02-17,0.0
2023-02-21,0.0
2023-02-22,0.0
2023-02-23,0.0
2023-02-24,0.0
2023-02-27,0.0
2023-02-28,0.0
2023-03-01,0.0
2023-03-02,0.0
2023-03-03,0.0
2023-03-06,0.0
2023-03-07,-0.0007
2023-03-08,-0.0006000000000000001
2023-03-09,-0.0012000000000000001
2023-03-10,-0.001
2023-03-13,-0.0009
2023-03-14,-0.0006000000000000001
2023-03-15,-0.0004
2023-03-16,-0.0009
2023-03-17,-0.0007000000000000001
2023-03-20,-0.00030000000000000003
2023-03-21,-0.0002
2023-03-22,-0.0001
2023-03-23,0.0
2023-03-24,0.0007
2023-03-27,-0.0003
2023-03-28,-0.00030000000000000003
2023-03-29,-0.00030000000000000003
2023-03-30,-0.00030000000000000003
2023-03-31,-0.00030000000000000003
2023-04-03,0.00019999999999999998
2023-04-04,0.00020000000000000004
2023-04-05,0.00019999999999999998
2023-04-06,0.0002
2023-04-10,0.0
2023-04-11,0.0
2023-04-12,0.0
2023-04-13,-0.0007
2023-04-14,-0.0006000000000000001
2023-04-17,-0.00030000000000000003
2023-04-18,-0.0002
2023-04-19,-0.00010000000000000005
2023-04-20,0.0
2023-04-21,0.0
2023-04-24,0.0
2023-04-25,0.0
2023-04-26,0.0
2023-04-27,0.0
2023-04-28,0.0
2023-05-01,0.0
2023-05-02,0.0
2023-05-03,0.0
2023-05-04,0.0
2023-05-05,0.0
2023-05-08,-0.0005
2023-05-09,-0.0004
2023-05-10,-0.001
2023-05-11,-0.0008
2023-05-12,-0.0006000000000000001
2023-05-15,-0.0002
2023-05-16,-0.0001
2023-05-17,0.0
2023-05-18,0.0
2023-05-19,0.0
2023-05-22,0.0
2023-05-23,-0.0014
2023-05-24,-0.0012000000000000001
2023-05-25,-0.001
2023-05-26,-0.0008
2023-05-30,0.0
2023-05-31,0.0
2023-06-01,0.0
2023-06-02,0.0
2023-06-05,0.0
2023-06-06,0.0007
2023-06-07,0.0006000000000000001
2023-06-08,0.0005
2023-06-09,-0.0003
2023-06-12,-0.0013
2023-06-13,-0.0011
2023-06-14,-0.0008
2023-06-15,-0.0005
2023-06-16,-0.0002
2023-06-20,0.0
2023-06-21,0.0
2023-06-22,0.0007
2023-06-23,0.0006000000000000001
2023-06-26,-0.00019999999999999998
2023-06-27,-0.0002
2023-06-28,-0.00020000000000000004
2023-06-29,-0.0002
2023-06-30,-0.0001
2023-07-03,0.0
2023-07-05,0.0
2023-07-06,0.0
2023-07-07,0.0
2023-07-10,0.0
2023-07-11,0.0
2023-07-12,0.0
2023-07-13,0.0
2023-07-14,0.0
2023-07-17,-0.0005
2023-07-18,-0.0004
2023-07-19,0.00039999999999999996
2023-07-20,-0.0002999999999999999
2023-07-21,-0.00020000000000000004
2023-07-24,-0.00010000000000000002
2023-07-25,-0.0001
2023-07-26,-0.0001
2023-07-27,0.0
2023-07-28,0.0007
2023-07-31,0.0004
2023-08-01,0.00030000000000000003
2023-08-02,0.0002
2023-08-03,0.0001
2023-08-04,-0.0007
2023-08-07,0.00020000000000000004
2023-08-08,0.00019999999999999998
2023-08-09,0.0002
2023-08-10,0.00020000000000000004
2023-08-11,-0.0005
2023-08-14,-0.0004
2023-08-15,-0.00030000000000000003
2023-08-16,-0.0002
2023-08-17,-0.0001
2023-08-18,0.0
2023-08-21,-0.0005
2023-08-22,-0.0004
2023-08-23,-0.00030000000000000003
2023-08-24,-0.0002
2023-08-25,-0.0001
2023-08-28,0.0
2023-08-29,0.0
2023-08-30,0.0
2023-08-31,0.0
2023-09-01,0.0
2023-09-05,-0.0004
2023-09-06,-0.00030000000000000003
2023-09-07,-0.0002
2023-09-08,-0.0008
2023-09-11,-0.0004
2023-09-12,-0.001
2023-09-13,-0.0008
2023-09-14,-0.0006000000000000001
2023-09-15,-0.0004
2023-09-18,-0.0001
2023-09-19,0.0007
2023-09-20,0.0006000000000000001
2023-09-21,-0.00019999999999999998
2023-09-22,-0.00020000000000000004
2023-09-25,-0.00020000000000000004
2023-09-26,-0.0002
2023-09-27,-0.0001
2023-09-28,0.0
2023-09-29,0.0
2023-10-02,-0.0005
2023-10-03,-0.0004
2023-10-04,-0.00030000000000000003
2023-10-05,-0.0002
2023-10-06,-0.0001
2023-10-09,-0.0005
2023-10-10,-0.0004
2023-10-11,-0.00030000000000000003
2023-10-12,-0.0002
2023-10-13,-0.0001
2023-10-16,0.0
2023-10-17,0.0
2023-10-18,0.0
2023-10-19,0.0
2023-10-20,0.0
2023-10-23,-0.0007
2023-10-24,-0.0006000000000000001
2023-10-25,-0.0005
2023-10-26,-0.0004
2023-10-27,-0.00030000000000000003
2023-10-30,0.0
2023-10-31,0.0
2023-11-01,0.0
2023-11-02,-0.0007
2023-11-03,-0.0013
2023-11-06,-0.0007000000000000001
2023-11-07,-0.0005
2023-11-08,-0.00030000000000000003
2023-11-09,-0.0001
2023-11-10,0.0
2023-11-13,0.0005
2023-11-14,0.0004
2023-11-15,0.00030000000000000003
2023-11-16,0.0002
2023-11-17,0.0001
2023-11-20,0.00010000000000000005
2023-11-21,9.999999999999999e-05
2023-11-22,-0.0006000000000000001
2023-11-24,-0.0004
2023-11-27,-0.0002
2023-11-28,-0.0001
2023-11-29,0.0
2023-11-30,0.0007
2023-12-01,0.0006000000000000001
2023-12-04,0.00030000000000000003
2023-12-05,0.0002
2023-12-06,0.0001
2023-12-07,0.0
2023-12-08,0.0
2023-12-11,0.0
2023-12-12,0.0
2023-12-13,-0.0007
2023-12-14,-0.0006000000000000001
2023-12-15,-0.0005
2023-12-18,-0.0002
2023-12-19,-0.0008
2023-12-20,-0.0006000000000000001
2023-12-21,-0.0005
2023-12-22,-0.0004
2023-12-26,-0.0004
2023-12-27,-0.00030000000000000003
2023-12-28,-0.0002
2023-12-29,-0.0001
2024-01-02,0.0
2024-01-03,0.0
2024-01-04,0.0
2024-01-05,0.0
2024-01-08,-0.0011
2024-01-09,-0.0009
2024-01-10,-0.0007000000000000001
2024-01-11,-0.0012000000000000001
2024-01-12,-0.0009000000000000001
2024-01-16,0.0009
2024-01-17,0.0008000000000000001
2024-01-18,0.0
2024-01-19,-9.999999999999999e-05
2024-01-22,-0.00020000000000000004
2024-01-23,-0.0002
2024-01-24,-0.0001
2024-01-25,0.0
2024-01-26,0.0
2024-01-29,0.0006000000000000001
2024-01-30,0.0005
2024-01-31,0.0004
2024-02-01,0.00030000000000000003
2024-02-02,0.00019999999999999998
2024-02-05,0.0005
2024-02-06,-0.00030000000000000003
2024-02-07,-0.001
2024-02-08,-0.0023
2024-02-09,-0.002
2024-02-12,-0.0004000000000000001
2024-02-13,-0.0001
2024-02-14,0.00010000000000000003
2024-02-15,0.0002
2024-02-16,0.0001
2024-02-20,0.0
2024-02-21,0.0
2024-02-22,0.0
2024-02-23,0.0
2024-02-26,0.0
2024-02-27,0.0
2024-02-28,-0.0007
2024-02-29,-0.0006000000000000001
2024-03-01,-0.0005
2024-03-04,-0.0002
2024-03-05,-0.0015000000000000002
2024-03-06,-0.0019
2024-03-07,-0.0023
2024-03-08,-0.0019
2024-03-11,-0.0007
2024-03-12,-0.00030000000000000003
2024-03-13,-0.0001
2024-03-14,0.0
2024-03-15,0.0
2024-03-18,0.0005
2024-03-19,0.0004
2024-03-20,0.00030000000000000003
2024-03-21,0.00019999999999999998
2024-03-22,-0.0027
2024-03-25,-0.0021000000000000003
2024-03-26,-0.0016000000000000003
2024-03-27,-0.0011
2024-03-28,9.999999999999998e-05
2024-04-01,0.00030000000000000003
2024-04-02,0.0002
2024-04-03,0.0001
2024-04-04,0.0007
2024-04-05,0.0006000000000000001
2024-04-08,0.00030000000000000003
2024-04-09,0.0002
2024-04-10,0.0001
2024-04-11,0.0
2024-04-12,0.0007
2024-04-15,0.0004
2024-04-16,0.00030000000000000003
2024-04-17,0.0002
2024-04-18,0.0001
2024-04-19,0.0
2024-04-22,-0.0005
2024-04-23,0.0003
2024-04-24,-0.00039999999999999996
2024-04-25,-0.00030000000000000003
2024-04-26,-0.00020000000000000004
2024-04-29,-0.0001
2024-04-30,-0.0001
2024-05-01,0.0
2024-05-02,0.0
2024-05-03,-0.0007
2024-05-06,-0.0004
2024-05-07,-0.00030000000000000003
2024-05-08,-0.0002
2024-05-09,-0.0008
2024-05-10,-0.0013
2024-05-13,-0.00020000000000000004
2024-05-14,-0.00010000000000000002
2024-05-15,2.710505431213761e-20
2024-05-16,0.0001
2024-05-17,0.0001
2024-05-20,0.0
2024-05-21,0.0
2024-05-22,0.0
2024-05-23,0.0
2024-05-24,0.0007
2024-05-28,0.0007000000000000001
2024-05-29,0.0005
2024-05-30,0.00030000000000000003
2024-05-31,0.0001
2024-06-03,0.0
2024-06-04,0.0
2024-06-05,0.0
2024-06-06,0.0
2024-06-07,-0.0007
2024-06-10,-0.0004
2024-06-11,-0.001
2024-06-12,-0.0008
2024-06-13,-0.0006000000000000001
2024-06-14,-0.0004
2024-06-17,-0.0001
2024-06-18,0.0
2024-06-20,0.0006000000000000001
2024-06-21,0.0005
2024-06-24,0.0002
2024-06-25,-0.0013
2024-06-26,-0.0012000000000000001
2024-06-27,-0.001
2024-06-28,-0.0008
2024-07-01,-0.0002
2024-07-02,0.0
2024-07-03,0.0
2024-07-05,0.0
2024-07-08,0.0
2024-07-09,0.0
2024-07-10,0.0
2024-07-11,0.0
2024-07-12,0.0
2024-07-15,0.0
2024-07-16,0.0
2024-07-17,0.0
2024-07-18,0.0
2024-07-19,0.0
2024-07-22,0.0
2024-07-23,0.0
2024-07-24,0.0
2024-07-25,0.0
2024-07-26,0.0
2024-07-29,0.0
2024-07-30,0.0
2024-07-31,0.0
2024-08-01,0.0
2024-08-02,0.0007
2024-08-05,0.0004
2024-08-06,0.00030000000000000003
2024-08-07,0.0002
2024-08-08,0.0008
2024-08-09,0.0006000000000000001
2024-08-12,0.00030000000000000003
2024-08-13,0.0002
2024-08-14,0.0001
2024-08-15,-0.0007
2024-08-16,-0.0006000000000000001
2024-08-19,0.00019999999999999998
2024-08-20,0.0002
2024-08-21,0.00020000000000000004
2024-08-22,0.0002
2024-08-23,0.0001
2024-08-26,-0.0007
2024-08-27,-0.0006000000000000001
2024-08-28,-0.0005
2024-08-29,-0.0004
2024-08-30,-0.00030000000000000003
2024-09-03,0.0
2024-09-04,0.0
2024-09-05,0.0
2024-09-06,0.0
2024-09-09,0.0
2024-09-10,0.0007
2024-09-11,-9.999999999999994e-05
2024-09-12,-0.00010000000000000005
2024-09-13,-9.999999999999999e-05
2024-09-16,-0.0001
2024-09-17,-0.0001
2024-09-18,0.0
2024-09-19,0.0007
2024-09-20,0.0006000000000000001
2024-09-23,0.0009000000000000001
2024-09-24,0.0007
2024-09-25,0.0005
2024-09-26,0.00030000000000000003
2024-09-27,0.0002
2024-09-30,0.0
2024-10-01,-0.0007
2024-10-02,-0.0006000000000000001
2024-10-03,-0.0012000000000000001
2024-10-04,-0.001
2024-10-07,-0.0004
2024-10-08,-0.0002
2024-10-09,-0.0001
2024-10-10,0.0
2024-10-11,0.0
2024-10-14,0.0
2024-10-15,0.0
2024-10-16,0.0
2024-10-17,0.0
2024-10-18,0.0
2024-10-21,-0.0005
2024-10-22,-0.0004
2024-10-23,-0.00030000000000000003
2024-10-24,-0.0009
2024-10-25,-0.0007000000000000001
2024-10-28,-0.00030000000000000003
2024-10-29,-0.0002
2024-10-30,-0.0001
2024-10-31,0.0
2024-11-01,-0.0007
2024-11-04,-0.0004
2024-11-05,-0.00030000000000000003
2024-11-06,-0.0002
2024-11-07,-0.0001
2024-11-08,0.0007
2024-11-11,0.0004
2024-11-12,0.00030000000000000003
2024-11-13,0.0002
2024-11-14,0.0001
2024-11-15,0.0
2024-11-18,0.0
2024-11-19,0.0
2024-11-20,0.0
2024-11-21,0.0
2024-11-22,0.0
2024-11-25,0.0
2024-11-26,0.0
2024-11-27,0.0
2024-11-29,0.0
2024-12-02,0.0
2024-12-03,0.0
2024-12-04,0.0
2024-12-05,0.0
2024-12-06,0.0
2024-12-09,-0.0013
2024-12-10,-0.0011
2024-12-11,-0.0009
2024-12-12,-0.0007000000000000001
2024-12-13,-0.0005
2024-12-16,-0.0005
2024-12-17,-0.0004
2024-12-18,-0.00030000000000000003
2024-12-19,-0.0002
2024-12-20,-0.0001
2024-12-23,0.0
2024-12-24,0.0
2024-12-26,0.0
2024-12-27,0.0
2024-12-30,0.0
